domainId,instanceId,comparableId,feature0,feature1,feature2,feature3,feature4,feature5,delta_x0,delta_x1,delta_x2,delta_x3,delta_x4,delta_x5,delta_y0,delta_y1,delta_y2,delta_y3,delta_y4,delta_y5,pred,actual,last_adjusted,LIME_pred,subject_actual,subject_pred,kernel_width,distance,normalized_distance
0.0,0,2,2.5,3.76,3.0,11.0,12.376177,28.0,0.0,0.0100000000000002,0.0,0.0,-2.450667000000001,-10.0,0.0,1.8393201647793385,0.0,0.0,46.25150616009911,-12.928087650437837,1029.7472,1010,1045.1627386744406,1064.909931057253,1038.0,1015.25037,2.023086294076816,10.295915148489184,0.1012286946903096
0.0,1,1,1.75,1.83,3.0,7.0,11.589251,57.0,0.0,0.0999999999999998,0.0,0.0,-0.0132060000000002,-5.0,0.0,11.242415566703372,0.0,0.0,0.1422909693305201,-1.5648636743249391,355.43332,337,346.81984286170893,365.2531619535058,385.0,377.15555,1.9185068904919655,5.001017336346276,0.0443028777153155
0.0,1,2,1.75,2.09,3.0,7.0,10.870132,48.0,0.0,-0.1599999999999999,0.0,0.0,0.7059130000000007,4.0,0.0,-18.31755318161463,-0.0,0.0,-7.264944543035809,-0.9431491532962498,410.24918,425,398.4743531220533,383.7235291474439,385.0,377.15555,1.9110079430125844,4.064961643554463,0.0402209677303346
0.0,1,4,1.75,1.74,3.0,7.0,11.472778,56.0,0.0,0.1899999999999999,0.0,0.0,0.1032670000000006,-4.0,0.0,19.292484389551795,0.0,0.0,-1.012306341604178,0.9095243933445908,353.21207,340,359.1897024412922,372.4017690916828,385.0,377.15555,1.9076881759341136,4.005841244144481,0.0384139154176362
0.0,2,9,2.5,1.57,3.0,7.0,4.216075,6.0,-0.25,0.3899999999999999,0.0,0.0,0.6689639999999999,6.0,-4.218396074513282,39.739785944038346,-0.0,0.0,-4.517149290139823,4.222440366977795,358.15857,352,387.2266809463631,393.38525028230055,365.0,421.48346,1.9670023857998613,6.054924676104237,0.0707004817881779
0.0,3,0,1.0,0.73,3.0,6.0,5.0355825,88.0,0.0,-0.2099999999999999,0.0,-1.0,-1.1270093,-3.0,0.0,-16.606934255297617,0.0,-13.051527492674616,16.892699722802224,-1.37353784025129,306.46826,316,301.8607001345787,292.3289618533287,275.0,258.5169,2.006607844618412,3.363666149053216,0.0922589629291248
0.0,3,6,1.0,0.62,3.0,6.0,5.719293,74.0,0.0,-0.0999999999999999,0.0,-1.0,-1.8107198,11.0,0.0,-4.505429748530438,0.0,-23.833761475854605,10.385628260161338,2.8151911756859667,260.555,265,249.86162821146223,245.4166208872435,275.0,258.5169,2.081059583498289,11.193243774443228,0.1327853564221537
0.0,3,7,1.0,0.7,3.0,6.0,4.3029413,72.0,0.0,-0.1799999999999999,0.0,-1.0,-0.3943680999999994,13.0,0.0,-11.035692780611136,0.0,-35.531653296783645,1.961299425892132,4.025790701432113,301.84668,328,287.4197440499295,261.2664237374295,275.0,258.5169,2.097100779450935,13.045609460592388,0.1415170775217054
0.0,3,8,1.0,0.71,3.0,5.0,3.685429,90.0,0.0,-0.1899999999999999,0.0,0.0,0.2231442000000001,-5.0,0.0,-15.316365936273876,0.0,0.0,-2.6422455668013285,-1.340406083918459,328.2274,375,355.7009824130064,308.9283688876157,275.0,258.5169,1.9227682062070888,5.008581968381234,0.0466224441897502
0.0,4,3,2.25,2.42,5.0,9.0,8.252549,48.0,0.0,-0.0299999999999998,0.0,0.0,-1.8679646000000003,5.0,0.0,-5.159680480760542,0.0,0.0,47.82916258752767,6.921840359345074,898.4523,945,994.5913224661122,948.0435929739248,984.0,1059.8385,1.9451310051789057,5.337620419892479,0.0587952101233917
0.0,5,4,4.0,4.0,3.0,9.0,21.204227,8.0,0.25,-0.08,0.0,0.0,-5.558757999999999,7.0,18.86196287146532,-9.98362038596876,0.0,0.0,95.27816778517868,2.390909828866357,678.11115,688,794.5474200995416,784.6585651190728,827.5,855.9624,2.0872809852700933,8.942521484601755,0.1361718586056576
0.0,6,4,1.0,1.06,4.0,6.0,9.722609,64.0,0.0,-0.2300000000000001,0.0,0.0,-0.0148650000000003,-3.0,-0.0,-18.670820181099128,0.0,0.0,0.0969969794638938,-0.367545681110117,290.66626,300,281.05863111725466,271.72489088287966,282.6,258.12415,1.8970179399280396,3.008840469055313,0.0326057746065351
0.0,6,6,1.0,0.71,4.0,6.0,11.623068,62.0,0.0,0.12,0.0,0.0,-1.915324,-1.0,-0.0,7.296424137911894,0.0,0.0,11.1897667267448,0.0801136733634413,247.7739,239,257.5663045380201,266.340199801692,282.6,258.12415,1.9154882584261488,2.1639930741515787,0.0426597425414368
0.0,7,6,1.0,0.7,4.0,5.0,10.831377,62.0,0.0,0.6600000000000001,0.0,0.0,0.1246720000000003,0.0,-0.0,60.3223058006105,0.0,0.0,-0.7482663350793857,0.0,226.76974,208,267.5740394655311,286.343784338578,253.2,289.18002,1.940334502823828,0.6716718749389469,0.05618432494117
0.0,8,8,1.75,1.25,4.0,6.0,13.00311,44.0,0.25,0.3999999999999999,0.0,0.0,-3.45177,11.0,3.993727453169206,28.42783821884663,0.0,0.0,19.283410966512644,2.185613296393369,292.62088,295,348.8905899349219,346.511470061875,334.0,368.46838,2.0738825781151338,11.538510134887431,0.1288786895177229
0.0,9,4,1.0,1.64,5.0,6.0,4.23297,108.0,0.0,-0.0199999999999997,0.0,0.0,4.505941,-14.0,0.0,-1.6529396860957382,0.0,0.0,-25.38637494354292,-2.2837567908902354,496.77008,519,489.6769285794711,467.44700914587736,350.0,376.77408,2.12113290723056,14.707273856683331,0.1545985109646933
0.0,9,6,1.0,1.15,5.0,6.0,5.5973306,109.0,0.0,0.4700000000000002,0.0,0.0,3.1415804,-15.0,0.0,29.50259453793642,0.0,0.0,-16.09186921572062,-1.902949830545748,424.76532,430,441.50777549167,436.2730953158888,350.0,376.77408,2.115869393597656,15.332658849973289,0.1517334170414048
0.0,9,7,1.0,1.2,5.0,6.0,13.978305,98.0,0.0,0.4200000000000001,0.0,0.0,-5.239394000000001,-4.0,-0.0,29.35860668934002,0.0,0.0,40.487003313816345,-0.7319904218086573,264.84726,255,324.11361958134773,333.9608791028321,350.0,376.77408,2.060297806560532,6.605122972907924,0.1214840764997121
0.0,9,9,1.0,1.02,5.0,6.0,10.409582,73.0,0.0,0.6000000000000001,0.0,0.0,-1.6706710000000005,21.0,0.0,37.403109148295655,0.0,0.0,6.165998938008586,1.8971167407725624,265.8456,245,290.4662248270768,311.31183639934244,350.0,376.77408,2.1914328744959035,21.07489363176576,0.192864966239016
0.0,10,1,2.5,2.62,3.0,9.0,14.713204,14.0,0.0,0.1699999999999999,0.0,0.0,0.0500910000000001,2.0,-0.0,19.65752863510254,-0.0,0.0,-0.4146081192262171,-2.1071581584611763,661.19806,648,665.1357623574152,678.3338214394464,695.0,676.2145,1.878708802810439,2.007836922730778,0.0226395427023633
0.0,10,3,2.5,2.601,3.0,9.0,14.800196,20.0,0.0,0.189,0.0,0.0,-0.0369010000000002,-4.0,0.0,22.80709566437917,0.0,0.0,0.6015749719823766,-1.0490768061543847,622.4525,625,647.3595938302071,644.8121084786446,695.0,676.2145,1.907523002660802,4.004632652791139,0.0383240064756897
0.0,11,0,1.75,1.48,4.0,7.0,21.367851,35.0,0.25,0.06,0.0,0.0,-1.0851530000000018,-4.0,-0.9590336657223836,4.146021439183358,-0.0,0.0,1.8695555581748151,1.1605169925829348,252.16269,250,256.2170603242187,258.3797495332031,252.0,271.64978,1.9332617707406488,4.152548257806163,0.0523344172320143
0.0,11,7,2.0,1.37,4.0,7.0,21.221989,36.0,0.0,0.1699999999999999,0.0,0.0,-0.9392910000000008,-5.0,0.0,10.40624847802382,0.0,0.0,3.0713118393858485,0.4284142047417495,218.59311,232,245.9059745221514,232.4990836530108,252.0,271.64978,1.928858784337309,5.090301325332421,0.0499377350025486
0.0,12,4,2.5,2.43,5.0,8.0,11.955256,47.0,0.0,-0.1600000000000001,0.0,0.0,-3.984859,-4.0,0.0,-20.488775675674606,0.0,0.0,73.46443935027499,-3.882755849072781,589.63477,605,654.0929078255276,638.7276734505276,619.8,625.85205,2.0064338088724174,5.648424669753594,0.0921642298680822
0.0,12,5,3.0,2.45,5.0,8.0,9.699399,48.0,-0.5,-0.1800000000000001,0.0,0.0,-1.7290019999999997,-5.0,1.876187597485696,-26.684974335047983,0.0,0.0,33.165914736586096,-5.051514919286347,627.29926,610,613.3056130797374,630.6048684508312,619.8,625.85205,1.9948038796577343,5.317127788195804,0.0858336982412688
0.0,12,8,2.5,2.43,5.0,8.0,9.130187,52.0,0.0,-0.1600000000000001,0.0,0.0,-1.1597899999999992,-9.0,0.0,-21.07538738822544,0.0,0.0,13.028762775966795,-6.520807571659628,671.88495,645,630.4325678160817,657.3175165465505,619.8,625.85205,1.9898441015843924,9.075831248106148,0.0831339370152395
0.0,13,1,2.25,2.3,4.0,8.0,9.489986,36.0,-0.25,-0.2199999999999997,0.0,0.0,0.8579735,-3.0,-5.43667112729647,-27.82026381926668,0.0,0.0,-15.24110135759345,-1.9617354945306584,613.54663,615,564.5402282013127,563.0868590606877,590.0,574.3454,1.9259124150212552,3.137995941154521,0.0483339346874098
0.0,13,3,2.25,2.33,4.0,8.0,9.536392,42.0,-0.25,-0.25,0.0,0.0,0.8115675000000007,-9.0,-3.3831706460609747,-31.902652255517957,0.0,0.0,-7.734059589885102,-7.928117642764437,620.77386,615,564.0519998657716,569.8258646118653,590.0,574.3454,1.999862665500133,9.043430864835328,0.0885873524705783
0.0,13,7,2.25,2.15,4.0,8.0,11.712623,36.0,-0.25,-0.0699999999999998,0.0,0.0,-1.3646635000000007,-3.0,-6.0472320646155335,-8.23733071571715,0.0,0.0,20.9285871224779,-0.9952008972149184,532.6982,573,578.6488234449303,538.347004597274,590.0,574.3454,1.929433719496948,3.306010657610204,0.0502506900639487
0.0,14,2,2.5,2.37,3.0,9.0,9.278231,25.0,0.0,0.25,0.0,0.0,0.7043409999999994,0.0,-0.0,29.736455300360067,0.0,0.0,-10.459175133255735,0.0,639.97174,655,674.2772801671043,659.2490208897606,683.0,663.86816,1.8848017787198368,0.7473929651000196,0.0259561387008289
0.0,15,3,1.5,1.04,4.0,7.0,10.613777,60.0,0.0,0.0,0.0,0.0,-2.233245,-3.0,-0.0,0.0,0.0,0.0,25.6871856759468,-0.4815613915683812,299.31055,290,315.2056242843784,324.5161711593784,411.1,373.95627,1.936224862260258,3.73997101994454,0.0539473199618388
0.0,16,5,3.0,2.97,3.0,9.0,14.631078,16.0,0.0,0.4899999999999997,0.0,0.0,0.8179049999999997,11.0,0.0,63.38875617200728,-0.0,0.0,-8.65221196018395,10.260351763996344,702.6803,727,791.9968959758197,767.6771938273822,730.0,756.7456,2.031405254655596,11.041243978330748,0.1057569632699407
0.0,16,7,3.0,2.97,3.0,9.0,14.634654,15.0,0.0,0.4899999999999997,0.0,0.0,0.8143290000000007,12.0,0.0,57.00436970225884,-0.0,0.0,-9.308445148398294,11.746919216951005,708.46826,726,785.4428437708116,767.9111054895616,730.0,756.7456,2.045943944439596,12.03757582407027,0.1136708236031438
0.0,17,5,1.5,1.89,3.0,8.0,2.8515975,96.0,0.25,0.49,0.0,0.0,1.0901008,2.0,1.4051837458310643,70.01208755714134,0.0,0.0,-17.625264552276853,-1.390070620212092,817.6469,825,877.4019361304835,870.0488477515772,725.0,740.2949,1.9465208582872864,2.3432711653073017,0.0595517503307147
0.0,17,7,1.5,1.84,3.0,8.0,4.193588,108.0,0.25,0.5399999999999998,0.0,0.0,-0.2518897,-10.0,0.5885434099409448,62.52432603870184,0.0,0.0,2.018701256612528,-2.770239180447572,719.12573,701,763.3613315248077,781.4870639466827,725.0,740.2949,2.026926845382591,10.020855673093296,0.1033192260303382
0.0,17,9,1.75,2.45,3.0,8.0,2.5758822,100.0,0.0,-0.0700000000000002,0.0,0.0,1.3658161,-2.0,0.0,-7.770140144515285,0.0,0.0,-20.08866670888165,-1.480110086933816,895.98004,937,907.6610830596692,866.6411245635755,725.0,740.2949,1.9000075121822664,2.4228812639127013,0.0342330916225435
0.0,18,5,1.5,1.01,5.0,7.0,7.9002113,62.0,0.0,0.29,0.0,0.0,2.0384067000000003,-3.0,-0.0,25.27616909239635,0.0,0.0,-25.042397514748195,-0.900035276057647,405.00763,405,404.3337363015905,404.3413656961218,396.0,388.33792,1.940165043055145,3.638571405731224,0.0560920827266802
0.0,18,7,1.75,1.34,5.0,7.0,8.807197,48.0,-0.25,-0.04,0.0,0.0,1.1314209999999996,11.0,-3.4219395051210086,-3.0029463459634544,0.0,0.0,-6.522836048179674,2.773708864690108,421.99762,420,409.825986965426,411.8236065943322,396.0,388.33792,2.0272371112573166,11.060931854018492,0.1034881133809328
0.0,19,1,2.25,1.87,3.0,7.0,20.65778,6.0,0.25,0.0799999999999998,0.0,0.0,0.0596619999999994,-4.0,1.6873677985280169,8.44960815481681,0.0,0.0,-0.2040915387160051,-0.5794876497842616,298.74124,293,302.35339676484455,308.0946382199227,309.0,309.64297,1.923954109291495,4.00904721277313,0.0472679680655694
0.0,19,3,2.5,1.98,3.0,7.0,19.44493,3.0,0.0,-0.03,0.0,0.0,1.272511999999999,-1.0,-0.0,-3.627367771027304,0.0,0.0,-1.529230851097834,-1.3867541384497468,310.2486,318,311.45664723942514,303.7052434308314,309.0,309.64297,1.88927593857864,1.6186991042636667,0.0283915628523201
0.0,19,5,2.5,1.98,3.0,7.0,19.282082,3.0,0.0,-0.03,0.0,0.0,1.4353599999999993,-1.0,-0.0,-3.605843265985581,0.0,0.0,-1.4455330038958762,-1.3945457086806266,312.68073,318,311.554078021438,306.2348031190942,309.0,309.64297,1.895305879603928,1.7496166236064397,0.0316738470058827
0.0,20,1,1.75,2.1,3.0,7.0,5.2231336,72.0,0.0,0.1599999999999997,0.0,0.0,2.2775904,-5.0,0.0,16.60304122634528,0.0,0.0,-31.8313689540727,-1.942620610765116,553.5048,580,562.8290516615075,536.3338734388512,467.5,490.73813,1.958904243356028,5.496636974566554,0.0662924113766741
0.0,20,2,1.75,1.89,3.0,7.0,8.836302,71.0,0.0,0.3699999999999999,0.0,0.0,-1.335578,-4.0,0.0,50.36307525425511,0.0,0.0,19.566101971546185,-1.3391014580187033,379.0664,385,453.5900757677826,447.6564820177826,467.5,490.73813,1.9376937371901533,4.233281067220083,0.0547468742005521
0.0,21,5,1.75,1.44,3.0,7.0,11.081854,42.0,0.0,0.1700000000000001,0.0,0.0,0.0122029999999995,5.0,0.0,15.184665011711417,0.0,0.0,-0.0991444247536897,1.337896247426162,373.70523,375,391.4234168343839,390.1286475472745,371.0,397.37848,1.921292478203315,5.0029040479714375,0.0458191596101095
0.0,21,6,1.75,1.4,3.0,7.0,10.573865,50.0,0.0,0.2100000000000002,0.0,0.0,0.5201919999999998,-3.0,0.0,21.01418100823942,0.0,0.0,-3.9952443785704936,2.501658412995747,311.9123,335,354.5205950426647,331.43288752313345,371.0,397.37848,1.8986096579407037,3.0519992983066038,0.0334721961499626
0.0,21,9,1.75,1.68,3.0,7.0,10.357918,39.0,0.0,-0.0699999999999998,0.0,0.0,0.7361389999999997,8.0,0.0,-5.84027836054652,-0.0,0.0,-5.45746823314958,2.8209741735487954,412.9781,420,411.5232275798527,404.5013159587589,371.0,397.37848,1.9685325364681785,8.034102353550209,0.0715333903141679
0.0,22,2,2.25,1.24,3.0,7.0,13.150475,6.0,0.0,0.0,0.0,0.0,0.0402749999999993,1.0,0.0,0.0,0.0,0.0,-0.1080450836535301,0.7476610794197373,329.01337,352,352.63961599576623,329.652982694985,331.0,331.17535,1.8531686639354776,1.0008107091878065,0.0087372519904797
0.0,22,6,2.25,1.445,3.0,7.0,13.361486,10.0,0.0,-0.205,0.0,0.0,-0.1707359999999997,-3.0,0.0,-18.858628767261862,0.0,0.0,0.5401607797217051,-1.122804493135352,351.87082,366,346.5587275193245,332.4295466111214,331.0,331.17535,1.8951375277033389,3.011839268901314,0.0315822078384001
0.0,22,7,2.25,1.43,3.0,7.0,11.799845,5.0,0.0,-0.1899999999999999,0.0,0.0,1.390905,2.0,0.0,-17.318103134770276,0.0,0.0,2.1384006788573258,1.6921573143846635,340.92825,355,341.5124548584717,327.4407080322998,331.0,331.17535,1.906550299315571,2.4435050069572197,0.0377945338385977
0.0,23,2,2.25,1.39,3.0,7.0,8.237225,11.0,0.0,-0.0429999999999999,0.0,0.0,0.5830459999999995,-6.0,0.0,-3.6960998707278288,0.0,0.0,-3.1034453447354875,-3.6634898159878775,333.06982,328,317.53696496854883,322.60678918729883,321.0,329.32172,1.935835146383576,6.028415350497674,0.0537351855079423
0.0,23,8,2.0,1.42,3.0,7.0,9.173921,12.0,0.25,-0.0729999999999999,0.0,0.0,-0.35365,-7.0,4.164831256269802,-6.366490452115797,0.0,0.0,1.8142107921073365,-2.867152191886602,323.47632,320,316.7453994043747,320.2217177637497,321.0,329.32172,1.9640794658106555,7.013764846535704,0.0691094456698366
0.0,24,6,2.25,1.91,3.0,8.0,8.435172,55.0,0.0,-0.0699999999999998,0.0,0.0,0.0163019999999995,-1.0,0.0,-7.65431342555075,0.0,0.0,-0.2010225556506386,-0.3825594550918736,494.2357,528,519.7621045637068,485.9977918195661,472.8,491.666,1.8564868339399516,1.0025795505614503,0.0105434349662062
0.0,25,7,1.75,2.21,4.0,8.0,4.141343,64.0,0.0,-0.0899999999999998,0.0,0.0,0.0543690000000003,10.0,0.0,-12.128891855191462,0.0,0.0,-0.4507596578720262,6.022005595507572,733.71716,768,761.4423540824441,727.1595171683816,710.0,763.8822,1.997498043585288,10.000552784129535,0.0873002153314729
0.0,26,1,2.75,2.18,4.0,7.0,7.755423,56.0,0.25,-0.0700000000000002,0.0,0.0,-4.560270500000001,-6.0,5.1682366000100535,-8.122628079570614,0.0,0.0,35.34097663893685,-5.636317083485242,538.9541,545,571.7502680758911,565.7043696383911,565.0,506.91776,2.0468362922776357,7.540786897477627,0.1141565562423153
0.0,27,4,1.0,1.8,4.0,7.0,6.042847,86.0,0.0,-0.28,0.0,0.0,-0.3538699999999997,2.0,-0.0,-16.38886014652314,0.0,0.0,8.086469002613322,0.0449088595611176,534.40576,556,547.7425177156513,526.1482794344013,535.0,556.55414,1.8930012151981104,2.050274122379737,0.0304193466008584
0.0,27,6,1.0,1.53,4.0,7.0,3.4721951,87.0,0.0,-0.01,0.0,0.0,2.2167819000000004,1.0,-0.0,-0.9047816854934518,0.0,0.0,-46.885419927653295,0.618302216434908,572.82996,575,527.8281006032881,525.6580566579756,535.0,556.55414,1.924710772815392,2.4319173489589674,0.0476798435190191
0.0,27,7,1.0,1.37,4.0,7.0,4.166312,94.0,0.0,0.1499999999999999,0.0,0.0,1.5226650000000008,-6.0,0.0,13.468326503491795,0.0,0.0,-15.81695356615163,-1.836372310002,558.01404,565,560.8150006273381,553.8290387132756,535.0,556.55414,1.9521592914899344,6.192011684600168,0.062620924618549
0.0,28,2,2.0,1.49,3.0,8.0,20.889349,20.0,0.0,0.1,0.0,0.0,-1.773232,-6.0,0.0,8.680814928966356,0.0,0.0,8.13507346415749,-0.9100807605143688,311.6229,290,305.9058076326095,327.52870191971886,337.0,333.91916,1.9561791974241505,6.257343823526401,0.0648090842525079
0.0,28,5,2.25,1.93,3.0,8.0,19.165277,19.0,-0.25,-0.3399999999999998,0.0,0.0,-0.0491600000000005,-5.0,-0.2528527390180745,-31.731129437924093,-0.0,0.0,0.3705838231080211,0.0782261916198781,352.08038,360,328.4648278377857,320.54521113856697,337.0,333.91916,1.9489233775689476,5.018019201398098,0.0608595161834409
0.0,28,8,2.0,1.83,3.0,8.0,20.889385,26.0,0.0,-0.24,0.0,0.0,-1.7732680000000016,-12.0,0.0,-17.387981797406702,-0.0,0.0,10.688601968499842,-4.094475795851297,319.20825,305,294.2061443752418,308.4143963283668,337.0,333.91916,2.0442380168601173,12.132686404907366,0.1127422342458406
0.0,29,1,2.5,2.41,3.0,7.0,16.903437,37.0,0.0,-0.2800000000000002,0.0,0.0,-1.285089000000001,0.0,-0.0,-49.03462436131456,-0.0,0.0,29.609924371072232,-0.0,342.49664,330,310.57530000975765,323.0719430761639,320.0,345.1245,1.9034887108526424,1.3152390421216225,0.0361280161638048
0.0,29,2,2.25,2.24,3.0,7.0,14.291609,35.0,0.25,-0.1100000000000003,0.0,0.0,1.326739,2.0,-3.4462654417923613,-15.914248636109123,-0.0,0.0,-19.32265289773634,-2.5853884676255685,423.70605,418,376.7314445567366,382.4374992442366,320.0,345.1245,1.9223699952368856,2.4155405966617494,0.0464056855926442
0.0,29,8,2.5,1.97,3.0,7.0,18.090424,27.0,0.0,0.1599999999999999,0.0,0.0,-2.4720759999999995,10.0,0.0,15.26018755023165,0.0,0.0,18.217596817514774,3.011937294649621,312.4181,289,325.48972166239605,348.9078124827085,320.0,345.1245,2.025175248022389,10.302269640704226,0.1023657771931603
0.0,30,1,2.5,4.08,3.0,10.0,16.372337,17.0,0.0,0.04,0.0,0.0,-1.8860140000000007,1.0,0.0,3.312557733196975,-0.0,0.0,46.34743317285334,-0.7790576521681779,912.98126,899,947.8809332538822,961.8621954609134,863.0,925.286,1.91236036272386,2.135099250197986,0.0409571317771585
0.0,31,0,2.0,1.82,4.0,8.0,11.052137,48.0,-0.25,-0.09,0.0,0.0,-1.9088170000000009,2.0,0.1559210208578548,-9.178309752149184,0.0,0.0,40.87208839582241,0.4344014243159267,491.25046,520,552.284101088847,523.5345588525189,515.0,521.8284,1.9371783289476023,2.77744168966497,0.0544663214886689
0.0,31,2,1.75,1.9,4.0,8.0,8.32761,49.0,0.0,-0.1699999999999999,0.0,0.0,0.8157099999999993,1.0,0.0,-16.650577138133375,0.0,0.0,-18.934404082822333,-0.8144503179993567,552.8183,566,529.600568461045,516.4188668008887,515.0,521.8284,1.8814397049745957,1.3016461900608778,0.0241260575556178
0.0,31,5,1.75,1.43,4.0,8.0,9.258099,51.0,0.0,0.3,0.0,0.0,-0.1147790000000004,-1.0,0.0,28.967754568125716,0.0,0.0,1.9769182947200008,0.7230818131890216,486.7958,463,494.6677546760348,518.4635615608004,515.0,521.8284,1.88683076301374,1.05032100752151,0.0270605778599807
0.0,32,7,2.25,2.34,4.0,9.0,7.03872,52.0,0.5,-0.04,0.0,0.0,-2.519804,13.0,26.728289587276088,-5.90897966047358,0.0,0.0,21.50465223799448,13.654938873074052,1024.3347,995,1050.978901037871,1080.313617834746,900.0,1042.0685,2.093889359706901,13.25145321081488,0.1397690020277538
0.0,32,9,2.25,2.46,4.0,9.0,8.6611805,58.0,0.5,-0.1600000000000001,0.0,0.0,-4.1422645000000005,7.0,31.567377746945745,-24.658268812630737,0.0,0.0,67.66905705081304,11.377157468907294,853.74963,900,985.9553234540354,939.704957243098,900.0,1042.0685,2.065598166035424,8.150702741970182,0.1243692267590032
0.0,33,3,2.5,1.94,3.0,7.0,20.788628,15.0,0.0,-0.05,0.0,0.0,-0.5931819999999988,-4.0,0.0,-4.674502840896454,0.0,0.0,1.478997642860214,-0.0647649113640083,326.03934,322,318.73972989059973,322.77906704880286,298.5,304.49466,1.905492145987764,4.044053026992104,0.0372185481224295
0.0,33,6,2.5,1.89,3.0,7.0,21.642988,12.0,0.0,0.0,0.0,0.0,-1.4475419999999986,-1.0,-0.0,0.0,0.0,0.0,-2.3156782766251016,-0.5751578969231181,332.86276,323,320.1091638264518,329.97192627762365,298.5,304.49466,1.8955718938269843,1.759368591786268,0.0318186468082849
0.0,33,7,2.5,1.89,3.0,7.0,21.700813,12.0,0.0,0.0,0.0,0.0,-1.5053669999999997,-1.0,-0.0,0.0,0.0,0.0,-1.4686078734322383,-0.3465690415499251,331.5308,310,308.18482308501785,329.715615321346,298.5,304.49466,1.8977356900435547,1.8072437037347784,0.0329964682833877
0.0,33,8,2.5,2.014,3.0,7.0,18.929926,10.0,0.0,-0.1239999999999998,0.0,0.0,1.2655200000000022,1.0,-0.0,-15.359656122085118,0.0,0.0,-5.698304594296187,0.5794861893209464,319.16068,321,300.52152547293963,298.6822005217677,298.5,304.49466,1.892317094994707,1.6176887433619629,0.0300469587295101
0.0,34,1,1.0,1.06,4.0,6.0,9.722609,64.0,0.0,0.0799999999999998,0.0,0.0,-1.0846295,2.0,-0.0,7.203652264078054,0.0,0.0,8.820761782141071,0.2974423486265121,290.66626,300,316.3218563948456,306.9881161604706,330.0,310.88388,1.8914504881145224,2.276581022557785,0.0295752376930573
0.0,34,3,1.0,0.99,4.0,6.0,7.3520594,68.0,0.0,0.1499999999999999,0.0,0.0,1.2859201000000002,-2.0,-0.0,14.105470275670369,0.0,0.0,-16.99376224755963,0.1400512200399696,311.83386,325,322.25175924815073,309.08562155283823,330.0,310.88388,1.9008746885661851,2.382454722252662,0.0347051226575643
0.0,35,1,1.0,1.0,4.0,7.0,4.9449015,99.0,0.0,-0.03,0.0,0.0,-1.1294978000000002,0.0,0.0,-6.021571866204416,0.0,0.0,12.47566392764814,-0.0,488.46878,485,491.4540920614437,494.9228725790218,515.0,484.14,1.881241911475008,1.129896136910309,0.0240183924115224
0.0,35,8,1.0,0.9,4.0,7.0,5.546343,106.0,0.0,0.0699999999999999,0.0,0.0,-1.7309393000000002,-7.0,0.0,5.026964339191464,0.0,0.0,13.35938286767361,-3.0058859247681133,457.7071,473,488.380461282097,473.0875535672532,515.0,484.14,1.968057110755344,7.21117541461061,0.0712746013348249
0.0,36,2,1.75,1.46,4.0,8.0,19.350668,48.0,0.0,-0.0899999999999998,0.0,0.0,-3.669637999999999,-8.0,0.0,-6.227766036677933,0.0,0.0,27.484461492283568,-4.487020206943643,282.26953,260,276.769675248662,299.039206498662,276.2,332.342,2.029080186252473,8.801951093424911,0.1044913563355586
0.0,36,4,1.75,1.67,4.0,8.0,19.953672,41.0,0.0,-0.2999999999999998,0.0,0.0,-4.272642000000001,-1.0,-0.0,-24.39072640206157,-0.0,0.0,35.63980597714651,-0.132480793513267,285.8824,268,279.11659878157167,296.9989840354779,276.2,332.342,2.0103150017567675,4.3983485150865445,0.0942768836814108
0.0,36,9,1.5,1.44,4.0,8.0,13.483932,47.0,0.25,-0.0699999999999998,0.0,0.0,2.1970980000000004,-7.0,-0.5005320298614669,-5.853835388995649,0.0,0.0,-22.48253560955353,-4.287139520603838,372.8545,330,296.87595745098554,339.73044963848554,276.2,332.342,1.9894461682703624,7.341296862380924,0.082917329555011
0.0,37,4,2.5,2.03,3.0,7.0,12.239169,46.0,0.0,-0.1899999999999997,0.0,0.0,-1.6939410000000006,-2.0,0.0,-20.30160640982651,0.0,0.0,14.260335300499325,1.7410293303478914,411.26028,385,380.6997582210207,406.9600426448488,380.0,400.8367,1.91605715991806,2.627838676837108,0.0429694132901235
0.0,37,5,2.5,1.57,3.0,7.0,11.800448,43.0,0.0,0.27,0.0,0.0,-1.2552199999999996,1.0,-0.0,26.823352767466147,0.0,0.0,10.343589509388636,-1.626411838334639,383.99902,365,400.54053043852014,419.53955387602014,380.0,400.8367,1.9035375553673195,1.6274142829654652,0.0361546037499588
0.0,37,7,2.5,1.72,3.0,7.0,12.874002,45.0,0.0,0.1200000000000001,0.0,0.0,-2.328774000000001,-1.0,0.0,11.580299067795224,0.0,0.0,18.21830643805468,1.0432203056548524,364.8707,339,369.8418258115048,395.7125228329891,380.0,400.8367,1.9308708516513036,2.537240300617189,0.0510329657241971
0.0,38,6,2.0,1.38,3.0,7.0,19.041563,26.0,0.0,0.1100000000000001,0.0,0.0,0.9532890000000016,-1.0,0.0,10.104682382584516,0.0,0.0,-2.331385672439483,0.8249594114294211,262.35092,272,280.5982561215745,270.94917775243385,255.0,259.17828,1.8809547809560845,1.385950907327169,0.0238620983535354
0.0,38,8,2.0,1.41,3.0,7.0,19.236242,30.0,0.0,0.08,0.0,0.0,0.7586100000000009,-5.0,-0.0,5.924696029300424,0.0,0.0,-1.5125478852180236,0.908112653693244,260.69888,272,277.32026079777563,266.01914385441626,255.0,259.17828,1.923166766254117,5.057854202337193,0.0468393928002118
0.0,38,9,2.0,1.32,3.0,7.0,19.549282,22.0,0.0,0.1699999999999999,0.0,0.0,0.44557,3.0,-0.0,13.508024197134318,0.0,0.0,-1.385194293676604,-0.6583661150759172,254.55553,265,276.4644637883818,266.01999052178024,255.0,259.17828,1.894577094246759,3.0376689459024333,0.0312771465043099
0.0,39,6,1.0,1.37,3.0,7.0,8.108977,67.0,0.0,-0.01,0.0,0.0,-0.6118989999999993,-8.0,0.0,-0.7470351302440209,-0.0,0.0,4.107025140697241,-1.01058135620173,334.6252,357,359.3494086542515,336.97462227729835,355.0,327.53464,1.9671177336986465,8.023373379458356,0.0707632692314945
0.0,40,3,2.5,2.35,3.0,10.0,2.2265332,8.0,0.0,0.48,0.0,0.0,3.4137242000000003,-7.0,0.0,94.1278931285795,0.0,0.0,-37.29573547410126,-11.643164508631203,1068.1152,1050,1095.188993145847,1113.304227520847,970.0,1106.8511,2.0260921878538176,7.802814422608399,0.102864896018012
0.0,41,5,2.5,1.57,3.0,8.0,6.2298155,7.0,0.0,0.1299999999999999,0.0,0.0,-1.0067649000000003,10.0,0.0,14.217169781433135,-0.0,0.0,8.107009137841644,8.011535608588927,437.00345,415,445.3357145278637,467.3391630141919,475.0,501.6092,2.002832938969743,10.051391722735316,0.0902041645588162
0.0,41,6,2.5,1.54,3.0,8.0,6.2298155,7.0,0.0,0.1599999999999999,0.0,0.0,-1.0067649000000003,10.0,0.0,16.89554936764811,-0.0,0.0,6.345828381707186,8.086195990006878,427.97714,413,444.32757373936215,459.3047160733465,475.0,501.6092,2.0034723025933894,10.051824489308991,0.090552190033934
0.0,42,0,2.5,2.56,3.0,8.0,19.681095,2.0,0.0,0.0829999999999997,0.0,0.0,-0.5962429999999976,1.0,-0.0,6.703093439012512,-0.0,0.0,7.7354307960582,2.630005175611313,391.95392,380,397.068529410682,409.02244786771325,377.0,404.215,1.8680970369388137,1.1672166530036303,0.0168632290011717
0.0,42,4,2.5,2.42,3.0,8.0,18.74463,2.0,0.0,0.2229999999999998,0.0,0.0,0.3402220000000007,1.0,-0.0,22.435056614631016,-0.0,0.0,-5.749126674303748,2.6968654262659637,391.304,365,384.38279536659326,410.6867809622964,377.0,404.215,1.877656643535264,1.0795739943533285,0.022066819735182
0.0,42,6,2.5,2.517,3.0,8.0,20.915127,1.0,0.0,0.1259999999999999,0.0,0.0,-1.8302749999999968,2.0,-0.0,10.38797662705205,-0.0,0.0,10.256454661975509,1.8985953560147224,364.2192,354,376.5430266450423,386.76223440871416,377.0,404.215,1.9175097416320896,2.713997526827353,0.0437600986254724
0.0,42,7,2.5,2.718,3.0,8.0,20.93124,9.0,0.0,-0.0750000000000001,0.0,0.0,-1.8463879999999973,-6.0,0.0,-6.899427664651416,-0.0,0.0,10.41189019639385,-1.386723256071408,389.64493,388,390.12573927567104,391.77066725418666,377.0,404.215,1.9574024760631603,6.278118639094358,0.065474952803357
0.0,43,5,2.5,2.47,3.0,9.0,12.169034,24.0,0.25,0.0799999999999996,0.0,0.0,-2.0395565,2.0,-3.2667375218865966,9.960686524264986,-0.0,0.0,30.96525561513296,3.6180569327396697,618.5519,607,648.2772615502511,659.8291414330636,669.9,688.7897,1.9407977505456917,2.8685694547443417,0.0564364850618526
0.0,44,1,2.25,2.07,3.0,8.0,19.372828,36.0,0.0,0.0300000000000002,0.0,0.0,0.0432450000000024,1.0,-0.0,3.6870152440680015,0.0,0.0,-0.4657642121498982,-1.838371711209242,320.951,300,301.38287932070887,322.3338680902401,280.0,323.40628,1.8538500251466408,1.001384107136218,0.0091081380566743
0.0,44,6,2.25,2.39,3.0,8.0,20.398172,28.0,0.0,-0.29,0.0,0.0,-0.982098999999998,9.0,0.0,-28.64780924532998,-0.0,0.0,6.880204325599252,5.19634703613048,361.8405,350,333.42874211639975,345.2692572531185,280.0,323.40628,1.992612703203313,9.058069244921954,0.0846409728524393
0.0,45,1,2.5,1.93,4.0,7.0,11.432802,54.0,0.0,-0.1099999999999998,0.0,0.0,-1.1047670000000007,6.0,0.0,-10.99893439919395,0.0,0.0,11.9186113582499,3.3683303545986543,412.79407,432,436.2880073136546,417.0820746964671,453.0,434.3808,1.943531942978205,6.101853007430529,0.0579247909103498
0.0,45,3,2.25,1.8,4.0,7.0,10.089919,56.0,0.25,0.02,0.0,0.0,0.2381159999999997,4.0,4.76960986740552,2.0461165952301763,0.0,0.0,-3.299488197224828,0.5131322689619892,438.81342,420,424.0293705343728,442.8427860617166,453.0,434.3808,1.923571861227164,4.014922070159768,0.0470598985738412
0.0,46,4,3.0,1.46,3.0,8.0,6.366403,8.0,-0.25,-0.1099999999999998,0.0,0.0,0.0251203999999996,1.0,-1.6687897830648195,-15.358734651054426,0.0,0.0,-0.4512492371732217,0.4603724317471073,429.39386,437,419.9815987604546,412.3754586237359,405.5,401.6801,1.8991442062563864,1.0369334764082796,0.0337631673980266
0.0,46,8,2.5,1.26,3.0,8.0,5.106679,9.0,0.25,0.09,0.0,0.0,1.2848444,0.0,-6.283918670469915,11.38865079691594,0.0,0.0,-25.47927520766473,0.0,429.63956,452,431.6254569187813,409.2650138035469,405.5,401.6801,1.9144769826407428,1.3120309189235442,0.0421092737273308
0.0,46,9,2.5,1.17,3.0,8.0,6.8233423,7.0,0.25,0.1800000000000001,0.0,0.0,-0.4318189000000005,2.0,5.590839935336258,22.177934535942317,0.0,0.0,3.778267607929127,2.725577670950569,328.69437,325,359.27261975015824,362.9669862052364,405.5,401.6801,1.9105253560645368,2.069146578277433,0.0399582806682806
0.0,47,8,2.0,2.13,5.0,7.0,4.922958,90.0,-0.25,-0.3699999999999999,0.0,0.0,0.7995599999999996,-1.0,-2.710629257545457,-36.53038382306169,0.0,0.0,-17.6895872815817,-0.1097338338437212,633.6165,652,594.9596658039675,576.5761819172487,528.0,588.0477,1.9257549490569064,1.355985322044453,0.0482482210730742
0.0,48,2,2.25,1.45,4.0,7.0,22.51113,52.0,-0.25,0.02,0.0,0.0,1.878204,-5.0,1.48258308162634,1.240608615335893,-0.0,0.0,-3.14935263163655,-0.6102332620840635,241.86572,265,263.9636058032416,240.8293284594916,254.6,253.52412,1.959626633610122,5.347013209785066,0.0666856308250497
0.0,49,8,1.75,2.28,5.0,7.0,5.027162,89.0,0.25,-0.2799999999999998,0.0,0.0,-2.3737349999999995,1.0,0.9917702862974418,-23.63525288027117,-0.0,0.0,16.840775469132698,0.5826757138912835,649.1032,665,659.7799685890502,643.883179038269,630.0,622.931,1.9552972683778047,2.6029824913404616,0.0643290228852
0.0,50,4,1.0,1.16,3.0,7.0,8.265552,63.0,0.0,0.05,0.0,0.0,1.0113020000000006,3.0,-0.0,4.147354318238863,0.0,0.0,-7.841632312666938,1.448496083824257,343.15732,317,314.7542180893962,340.9115362046306,325.0,331.3283,1.8995753573778789,3.166264634423977,0.0339978563424011
0.0,50,9,1.0,1.04,3.0,7.0,9.007778,62.0,0.0,0.1699999999999999,0.0,0.0,0.2690760000000001,4.0,-0.0,13.278246950559003,0.0,0.0,-2.149825469034105,2.7990567957615524,305.20227,286,299.92747827728647,319.12974878509897,325.0,331.3283,1.9071008509640783,4.012642756809532,0.0380942161976847
0.0,51,4,1.0,1.23,3.0,7.0,10.8933325,60.0,0.0,-0.02,0.0,0.0,-1.15203,3.0,-0.0,-1.8099216440896289,0.0,0.0,8.570287463198907,2.01828564966507,294.8005,320,328.77865146877434,303.5791580605712,320.0,334.7754,1.902761309471281,3.2136541694619227,0.0357320690032425
0.0,51,7,1.0,1.16,3.0,7.0,8.265552,63.0,0.0,0.05,0.0,0.0,1.4757505000000002,0.0,-0.0,5.134864073379608,0.0,0.0,-5.542437003309008,0.0,343.15732,317,316.5924270700706,342.74974518530496,320.0,334.7754,1.894972102744804,1.4765972837067831,0.0314921618963708
0.0,52,4,2.5,1.75,3.0,7.0,20.616268,27.0,0.0,-0.03,0.0,0.0,-0.6417780000000022,-5.0,0.0,-2.444690607632296,0.0,0.0,1.8025641831477048,1.1263776698474257,279.3457,270,270.4842512453628,279.8299543703628,265.0,269.10153,1.920923122862378,5.041108905913857,0.0456181080280945
0.0,53,0,3.0,1.85,3.0,7.0,12.074043,34.0,0.25,0.1299999999999999,0.0,1.0,-0.2866239999999997,1.0,20.535976828579123,12.826234895883555,-0.0,50.15500942977655,1.165980802075964,-0.1903507051171825,381.11496,355,439.492851251198,465.6078109679949,510.0,530.9986,2.003023861636518,1.4702222000010745,0.0903080896952449
0.0,53,7,2.75,2.03,3.0,8.0,15.741584,36.0,0.5,-0.0499999999999998,0.0,0.0,-3.954165,-1.0,10.095763898310716,-5.763686878354139,-0.0,0.0,42.311601792584696,-0.2261878827572383,450.71957,440,486.417490929784,497.1370649043934,510.0,530.9986,2.029710848086605,4.109491555804075,0.1048346451564188
0.0,54,3,2.5,2.1,5.0,8.0,9.00462,35.0,-0.5,0.3199999999999998,0.0,1.0,-0.921049,1.0,-9.813286535194075,57.818975536262855,0.0,107.1099917421476,33.485994402018434,-0.1004171322377468,603.23364,610,798.501258012997,791.734900591122,795.0,793.4906,2.038748921677745,1.7890587638199589,0.1097543492799779
0.0,54,6,2.0,3.12,5.0,9.0,9.07092,37.0,0.0,-0.7000000000000002,0.0,0.0,-0.987349,-1.0,0.0,-96.12325542408053,0.0,0.0,41.01170039413885,-1.4774924417062312,902.10864,855,798.4109525283521,845.5195951064771,795.0,793.4906,1.9540962855545128,1.5699866393702209,0.0636752906392196
0.0,55,7,3.5,3.48,4.0,8.0,13.366859,32.0,1.25,0.2200000000000002,0.0,-1.0,-1.5498250000000002,21.0,128.7387223526826,23.44074907435015,0.0,-91.01687781645718,9.286191389836254,2.939070519063321,664.4619,650,723.3878555194751,737.8497695819751,599.0,569.4652,2.309539771004212,21.11901649060924,0.2571542176943618
0.0,56,0,3.25,1.38,3.0,7.0,6.782206,15.0,-0.25,0.1100000000000001,0.0,0.0,-2.8943720000000006,7.0,-5.676256286071292,10.449991298349252,-0.0,0.0,19.474884042227902,2.429975464152269,306.30945,322,348.67859451865814,332.98804276084564,390.0,348.50757,2.006636192389547,7.579709049454603,0.0922743935012637
0.0,57,4,2.5,2.28,3.0,8.0,12.032611,25.0,0.0,-0.1299999999999999,0.0,0.0,-1.1603819999999985,-2.0,-0.0,-19.079825334818988,-0.0,0.0,8.050348183680367,-1.2793295032786272,484.60474,475,462.6911933455828,472.29592967370775,470.0,479.24603,1.8959811234536808,2.31589861304937,0.0320414032022931
0.0,58,3,2.5,2.7,3.0,9.0,12.155274,11.0,0.0,-0.04,0.0,0.0,0.3801829999999988,8.0,0.0,-5.712908351905967,-0.0,0.0,-4.871708107827732,7.38050150295384,683.35175,690,686.7958850432201,680.1476306486888,629.0,640.6074,1.9659188839777435,8.009128486513935,0.0701106980993857
0.0,58,4,2.5,2.57,3.0,9.0,14.260813,15.0,0.0,0.0900000000000003,0.0,0.0,-1.7253560000000014,4.0,0.0,10.468659489391165,-0.0,0.0,27.985149564393566,1.7233860518746291,619.4054,625,665.1771951056594,659.5825906134719,629.0,640.6074,1.9307797663581845,4.357172629898431,0.0509833851705942
0.0,58,5,2.5,2.42,3.0,9.0,13.081462,25.0,0.0,0.2400000000000002,0.0,0.0,-0.546005000000001,-6.0,0.0,33.8444342449731,-0.0,0.0,8.372248422543564,-6.8614260790744455,567.16675,570,605.3552565884422,602.5220046353172,629.0,640.6074,1.9422013155515143,6.029570586702257,0.0572004890807622
0.0,59,2,1.75,1.68,3.0,7.0,5.534338,99.0,0.0,-0.0799999999999998,0.0,0.0,0.2360167000000004,-8.0,0.0,-7.575200773215851,0.0,0.0,-1.937512813032836,-2.470601953067971,527.2284,545,533.0166844606833,515.2450780153708,525.0,539.47565,1.9658532398297388,8.003880551499934,0.0700749659511165
0.0,59,6,2.0,1.81,3.0,7.0,5.520952,90.0,-0.25,-0.2099999999999999,0.0,0.0,0.2494027000000001,1.0,-8.214383115025539,-18.760905127763635,0.0,0.0,-7.644470915828163,0.3642632910470995,534.0543,550,515.7445041324297,499.79882542149227,525.0,539.47565,1.9058280452979184,1.08111132949724,0.037401388547948
0.0,60,4,1.75,1.26,3.0,7.0,11.711724,61.0,0.0,-0.02,0.0,0.0,-2.2689260000000004,0.0,0.0,-1.7617458732707685,0.0,0.0,19.86074089941739,0.0,304.4575,289,307.0989950261466,322.5564840398185,333.0,348.78235,1.9253084472605897,2.2690141457196784,0.0480051762796938
0.0,60,6,1.5,1.36,3.0,7.0,9.536783,60.0,0.25,-0.1200000000000001,0.0,0.0,-0.0939849999999999,1.0,3.716984116660341,-11.263405673952006,0.0,0.0,0.2289010443513317,0.2498877461173496,344.84753,352,344.932367233177,337.7799014128645,333.0,348.78235,1.8996939919722675,1.0419852111354555,0.0340624328361996
0.0,61,5,2.0,1.76,3.0,7.0,3.8046744,27.0,0.25,-0.3400000000000001,0.0,0.0,-0.5122590000000002,1.0,3.263112458479439,-43.14130153660214,0.0,0.0,9.330619398386052,1.5101186473796286,434.18256,438,408.962548967643,405.14510511998674,410.0,421.83716,1.91938601039339,1.2002121825248235,0.0447814099778078
0.0,61,8,2.5,1.71,3.0,7.0,5.326704,25.0,-0.25,-0.29,0.0,0.0,-2.0342886000000004,3.0,0.0433803145783309,-34.03126822788256,0.0,0.0,18.24535460366931,2.7127671511043343,394.69885,415,401.9702338414694,381.6690863805319,410.0,421.83716,1.9549707211669192,3.644849805971429,0.0641512730977336
0.0,61,9,2.0,1.06,3.0,7.0,4.139904,34.0,0.25,0.3599999999999999,0.0,0.0,-0.8474885999999997,-6.0,5.861198153541636,39.096192460559486,0.0,0.0,6.239993964649906,-4.065487392158626,339.25104,315,362.1318971865924,386.3829347842487,410.0,421.83716,1.966460048730024,6.075387800554789,0.070405270879356
0.0,62,4,1.0,1.94,3.0,7.0,11.742997,58.0,0.0,-0.1999999999999999,0.0,0.0,-2.0905270000000016,-8.0,0.0,-18.07147980964489,-0.0,0.0,14.87082748158483,-2.7497985887823018,319.53064,300,294.0495490831576,313.5801887315951,310.0,353.17673,1.9917241008895017,8.271052117942977,0.0841572790184184
0.0,62,5,1.0,1.31,3.0,7.0,9.470445,53.0,0.0,0.4299999999999999,0.0,0.0,0.1820249999999994,-3.0,0.0,33.12563292008942,0.0,0.0,-1.1663735689225827,0.7267659955961473,330.9739,311,343.686025346763,363.6599328174661,310.0,353.17673,1.9199367574204125,3.0361213909567253,0.0450811986874878
0.0,62,7,1.0,1.45,3.0,7.0,10.649277,46.0,0.0,0.29,0.0,0.0,-0.9968070000000004,4.0,0.0,23.368466246611654,0.0,0.0,6.964377457939703,-0.3755932299965934,338.1569,306,335.9572504745548,368.1141413436954,310.0,353.17673,1.9244948472160837,4.132520320004367,0.0475623085099725
0.0,63,1,1.75,1.53,3.0,7.0,11.764142,29.0,0.0,-0.1,0.0,0.0,0.5583880000000008,5.0,0.0,-9.65746312443889,0.0,0.0,-3.641994728168822,0.9732799730435924,391.5102,400,387.6738221204359,379.1840149915296,375.0,369.07407,1.921346016727588,5.032076823593217,0.045848302291454
0.0,63,5,1.75,1.69,3.0,7.0,12.073591,36.0,0.0,-0.26,0.0,0.0,0.248939,-2.0,0.0,-28.669812431994973,0.0,0.0,-2.1127306280695373,1.4518793749754688,378.4421,405,375.6693363149109,349.1114444692078,375.0,369.07407,1.8896911161953776,2.032134499909147,0.028617556922016
0.0,63,6,1.75,1.44,3.0,7.0,11.081854,42.0,0.0,-0.01,0.0,0.0,1.2406760000000006,-8.0,0.0,-0.9254608047412471,-0.0,0.0,-8.94127237308732,-4.951887381859997,373.70523,375,360.18137944031145,358.88661015320207,375.0,369.07407,1.973710779269933,8.095639377898202,0.0743520686760657
0.0,64,3,2.0,1.66,3.0,7.0,12.045807,13.0,0.25,0.1500000000000001,0.0,0.0,-1.023797,-1.0,0.847651178792632,16.255838639814815,0.0,0.0,-2.9292968101773957,-0.8477618137302352,364.35748,344,357.3264311946998,377.68391410485606,355.0,363.99442,1.9124947965774173,1.4605342506113987,0.0410303082983523
0.0,64,4,2.5,1.59,3.0,7.0,11.058767,12.0,-0.25,0.2199999999999999,0.0,0.0,-0.0367569999999997,0.0,0.9870828572341548,14.681767790891906,0.0,0.0,-0.3848159432049735,0.0,339.85687,324,339.2840347049211,355.14090726351486,355.0,363.99442,1.9040432779306944,0.3350389187079614,0.0364298842458879
0.0,65,0,1.5,1.37,4.0,6.0,12.71008,52.0,0.25,0.2199999999999999,0.0,0.0,-2.476198,10.0,1.886886058232744,18.93420465747424,0.0,0.0,17.930926424369698,1.4314431304823416,245.52768,238,278.183460270559,285.7111397139184,346.0,370.82666,2.035230591152815,10.307398145759384,0.107839212717192
0.0,65,4,1.75,2.0,4.0,6.0,9.66734,54.0,0.0,-0.4099999999999999,0.0,0.0,0.5665420000000001,8.0,0.0,-33.28529920702073,0.0,0.0,-4.400949398463488,2.0669442512177896,389.98746,374,338.3806956457336,354.3681529211242,346.0,370.82666,1.9817524099722648,8.030508691095726,0.0787293779917571
0.0,66,3,2.5,2.56,5.0,8.0,6.206668,86.0,0.25,0.0499999999999998,0.0,0.0,-4.230976399999999,9.0,6.127364950368556,7.560836572157015,0.0,0.0,40.01048839686554,4.123161519313007,807.38367,825,882.8218514387041,865.2055184308916,890.0,938.74884,2.06303600507845,9.94817376694622,0.1229745629848995
0.0,67,0,1.5,1.84,4.0,8.0,9.177476,45.0,0.25,0.0999999999999998,0.0,0.0,-1.0345890000000004,7.0,0.0260557807963285,12.21275520595491,0.0,0.0,11.260866336814368,4.811931326587742,540.6489,525,553.3116086501534,568.9605344314034,550.0,553.6944,1.9700073510080605,7.081163350673461,0.0723361776670455
0.0,67,4,1.75,1.84,4.0,8.0,9.385578,51.0,0.0,0.0999999999999998,0.0,0.0,-1.2426910000000009,1.0,0.0,7.644047595264548,0.0,0.0,30.98697622933937,-0.047201966915309,535.2401,550,588.5838218576886,573.8239341623761,550.0,553.6944,1.8903096095439904,1.5982117886816507,0.0289542220583288
0.0,67,6,1.75,2.14,4.0,8.0,9.831314,51.0,0.0,-0.2000000000000001,0.0,0.0,-1.6884270000000008,1.0,0.0,-20.830408139014327,0.0,0.0,41.90208565473656,-0.0520012321974631,568.5549,578,599.0196762835247,589.5745468889935,550.0,553.6944,1.9115010305501845,1.972507473833497,0.0404893705893668
0.0,68,8,3.5,3.31,3.0,9.0,15.771159,10.0,0.0,0.48,0.0,0.0,-0.0345750000000002,-5.0,0.0,62.93940867052764,-0.0,0.0,0.5585710661638126,-0.1931106938370988,773.0085,780,843.3048690428543,836.313352929573,875.0,894.50616,1.946682005865209,5.023106153628947,0.0596394679616472
0.0,69,3,2.75,3.11,4.0,9.0,14.228543,32.0,-0.25,0.71,0.0,0.0,-0.3079049999999999,-4.0,-10.0644237429145,62.05779136265938,0.0,0.0,8.230432158471077,-1.9740722460884483,755.8768,750,808.2497275321275,814.1264975516588,775.0,762.4013,1.977915497515584,4.081838493745802,0.0766408273902909
0.0,69,6,2.5,2.87,4.0,9.0,15.0174465,29.0,0.0,0.9499999999999996,0.0,0.0,-1.0968085,-1.0,0.0,75.50396243147821,0.0,0.0,18.38719395611096,1.061018967787923,708.08594,720,814.9521753553771,803.0381128553771,775.0,762.4013,1.9923426821536048,1.7622397355843074,0.0844939920098624
0.0,70,0,2.0,2.57,4.0,8.0,18.975811,29.0,-0.25,-0.2599999999999998,0.0,0.0,-1.2717840000000002,8.0,-1.7803603809134445,-25.806905865395315,0.0,0.0,11.38352694827692,1.674554668480264,432.1274,435,420.4708153704484,417.5982262591203,385.0,392.1181,1.9911266278063489,8.10848534207567,0.0838320558653577
0.0,70,2,1.75,2.04,4.0,8.0,19.73878,35.0,0.0,0.27,0.0,0.0,-2.0347529999999985,2.0,-0.0,30.156244820449807,0.0,0.0,26.104518895425976,-1.9335541483015053,348.65723,355,409.3272095675743,402.9844361300743,385.0,392.1181,1.9322333627958712,2.8658541084655718,0.051774622851541
0.0,70,5,1.75,2.19,4.0,8.0,20.595293,48.0,0.0,0.1200000000000001,0.0,0.0,-2.8912660000000017,-11.0,0.0,10.435864832395636,-0.0,0.0,21.05417152388403,-1.6831321437644573,315.17224,313,342.80690421251524,344.97914542345274,385.0,392.1181,2.0465070362420965,11.374261254374106,0.1139773319574705
0.0,71,0,1.75,2.12,3.0,8.0,7.4166594,38.0,0.25,0.2099999999999999,0.0,0.0,0.7392635999999992,-10.0,4.623693205290192,25.1613898133604,-0.0,0.0,-6.300278197084317,-7.67685676349045,588.30414,578,593.8079480580758,604.1120862416695,530.0,585.8643,2.012378812585225,10.032602387729964,0.0954002800048223
0.0,71,9,1.75,2.31,3.0,8.0,11.630898,32.0,0.25,0.02,0.0,0.0,-3.4749750000000006,-4.0,4.497373227218418,2.612590040059448,-0.0,0.0,44.314843495395664,-2.3803132356722525,528.80786,520,569.0444935270012,577.8523548551262,530.0,585.8643,1.9971473853382928,5.304559477527328,0.0871093411583092
0.0,72,0,2.25,1.42,4.0,7.0,21.980322,26.0,0.25,0.1900000000000001,0.0,0.0,0.5538309999999989,-4.0,0.1053912233947145,12.871323456078562,-0.0,0.0,-0.0902316564440347,0.5164244643515586,256.34866,275,288.4029074873808,269.7515708174589,282.0,271.06442,1.9305136746482696,4.050349216618365,0.0508385431896885
0.0,72,4,2.5,1.69,4.0,7.0,21.787878,23.0,0.0,-0.0799999999999998,0.0,0.0,0.7462750000000007,-1.0,-0.0,-5.980490174587298,-0.0,0.0,-1.1180399815069382,1.3959420299161032,273.78372,295,289.2974118738219,268.08113379765,282.0,271.06442,1.872497190589581,1.250330506556167,0.0192583692754438
0.0,72,6,2.5,1.86,4.0,7.0,22.696796,24.0,0.0,-0.25,0.0,0.0,-0.1626429999999992,-2.0,-0.0,-20.84110166481211,-0.0,0.0,0.038311452747358,1.4296163883648034,284.05557,291,271.6268261763,264.68239868606565,282.0,271.06442,1.8879695656130415,2.0221159080154134,0.0276804634791018
0.0,73,0,1.75,1.54,4.0,6.0,28.822332,37.0,0.25,0.4199999999999999,0.0,1.0,3.998738,6.0,-0.0725914958513109,20.96323147562321,-0.0,9.82512498515124,-13.747401149961108,-1.64149622412543,293.7065,273,288.3268675908366,309.0333800420085,275.0,291.4874,2.090795739731919,7.295807398269502,0.1380850486062449
0.0,73,1,2.0,1.6,4.0,7.0,31.929514,43.0,0.0,0.3599999999999999,0.0,0.0,0.8915559999999978,0.0,0.0,32.77686522291702,0.0,0.0,-10.959828484475258,-0.0,262.81815,265,286.81703673844174,284.63518249039487,275.0,291.4874,1.9031637796212049,0.9614947223651288,0.0359511460041346
0.0,74,2,2.5,3.36,3.0,10.0,13.717776,28.0,-0.25,-0.1699999999999999,0.0,0.0,0.089112,3.0,-2.819556633200012,-19.054626768856664,0.0,0.0,-2.5624268070654708,6.104185519409183,784.89435,765,746.667575310287,766.5619234548183,750.0,812.2452,1.916552435085529,3.016511387106636,0.0432390069440281
0.0,74,3,2.5,3.13,3.0,10.0,14.017247,25.0,-0.25,0.06,0.0,0.0,-0.2103589999999986,6.0,-2.332379186922963,8.797195765048345,-0.0,0.0,4.709942369589071,9.967084651413913,728.1337,745,766.1418435991284,749.2755716264721,750.0,812.2452,1.9495346933325224,6.009188872791484,0.0611922743373252
0.0,75,7,1.0,0.94,4.0,7.0,16.013958,57.0,0.0,0.1300000000000001,0.0,0.0,-2.194633999999999,8.0,-0.0,6.64929208826733,0.0,0.0,15.235391063671058,3.443982251317502,206.1045,185,210.32866540325588,231.43317284954492,265.0,306.21085,1.9920775577344223,8.296584742769522,0.0843496765553405
0.0,75,8,1.0,1.21,4.0,7.0,11.291979,59.0,0.0,-0.1399999999999999,0.0,0.0,2.5273450000000004,6.0,-0.0,-7.874933411636082,0.0,0.0,-20.52872708744356,2.905219256921261,317.0934,310,284.5015587578416,291.59497306448225,265.0,306.21085,1.9760546832611767,6.512071310191942,0.0756279284059812
0.0,76,6,1.0,1.12,3.0,6.0,6.2739882,110.0,0.0,-0.2,0.0,0.0,-1.5667938999999995,-5.0,0.0,-13.93500061831603,0.0,0.0,19.471679195950443,-1.7236750402121557,328.71713,345,348.8130035374223,332.53013610578165,380.0,376.73636,1.9422850757724888,5.243552529066263,0.0572460823701245
0.0,76,9,1.0,0.75,3.0,6.0,5.830102,96.0,0.0,0.17,0.0,0.0,-1.1229076999999998,9.0,0.0,10.661429044032689,0.0,0.0,7.845683721173526,2.860775230304313,285.69995,310,331.3678879955105,307.0678391673855,380.0,376.73636,1.9896917794170417,9.07137374947804,0.0830510233293452
0.0,77,3,2.5,1.92,3.0,8.0,23.529894,22.0,0.0,0.0899999999999998,0.0,0.0,-1.1125049999999987,7.0,0.0,7.278424262384521,0.0,0.0,5.552015882906482,2.421771114568488,318.9433,295,310.2522112598595,334.19550959970326,299.5,353.59113,1.9578232649860852,7.088424886744939,0.0657040012812641
0.0,77,9,2.5,1.76,3.0,8.0,23.434183,23.0,0.0,0.2499999999999997,0.0,0.0,-1.0167940000000009,6.0,0.0,21.362412931452717,-0.0,0.0,4.472654982799237,-1.2948925981811632,306.21414,281,305.5401753160708,330.7543171617739,299.5,353.59113,1.9478982060884145,6.09067894724685,0.060301483510961
0.0,78,1,2.5,3.04,3.0,8.0,24.078264,16.0,0.0,-0.2200000000000002,0.0,0.0,-0.2132260000000023,-4.0,-0.0,-18.30529440081252,0.0,0.0,-0.0068595423545608,-0.222804479247095,441.55365,420,401.46504157758585,423.0186914799296,395.0,418.74292,1.9101442024681092,4.011716007779714,0.0397508069294196
0.0,78,4,2.5,2.55,3.0,8.0,23.418797,10.0,0.0,0.27,0.0,0.0,0.446240999999997,2.0,-0.0,21.60698661344917,-0.0,0.0,0.394814574788797,0.7971214896928775,403.539,371,393.7989226779308,426.33792414277457,395.0,418.74292,1.8927977254381156,2.0668892157251677,0.030308580805332
0.0,79,1,2.0,1.32,3.0,7.0,8.273094,18.0,0.0,-0.1300000000000001,0.0,0.0,1.9450570000000005,1.0,0.0,-12.725878675604704,0.0,0.0,1.7478660876350485,1.3573982664165152,323.52747,342,332.37938567844685,313.9068514987593,322.5,319.73572,1.916968479322985,2.190923716894087,0.0434654727422932
0.0,79,7,2.0,1.45,3.0,7.0,9.829195,28.0,0.0,-0.26,0.0,0.0,0.3889560000000003,-9.0,0.0,-19.459200786998878,0.0,0.0,-2.0805964540851534,-3.082714120384208,388.61026,392,367.37748863853176,363.9877486482974,322.5,319.73572,1.9872807484987065,9.012152171925194,0.0817386243284574
0.0,80,2,2.25,2.48,3.0,9.0,13.195059,37.0,0.0,-0.1200000000000001,0.0,0.0,0.0435369999999988,1.0,-0.0,-15.222710240412498,-0.0,0.0,-0.942988997386614,-0.1006220963825118,604.83484,615,598.7336786658184,588.5685175330059,615.0,617.93665,1.861804847706858,1.0081148101129156,0.0134381950048769
0.0,80,4,2.25,2.57,3.0,9.0,13.027059,36.0,0.0,-0.2099999999999999,0.0,0.0,0.2115369999999998,2.0,0.0,-26.280023015661563,-0.0,0.0,-4.075722470130088,1.524788329018581,630.7503,625,596.169042843227,601.9193480190082,615.0,617.93665,1.8836417772157688,2.022089983746767,0.0253247138595338
0.0,80,6,2.25,2.24,3.0,9.0,14.056002,31.0,0.0,0.1199999999999996,0.0,0.0,-0.8174060000000001,7.0,0.0,16.784734836921082,-0.0,0.0,13.265525211762174,7.816992107157252,608.322,600,637.8672521558406,646.1892736402156,615.0,617.93665,1.9548641763839767,7.048585146597578,0.0640932774637414
0.0,80,8,2.25,2.18,3.0,9.0,12.492335,29.0,0.0,0.1799999999999997,0.0,0.0,0.7462609999999987,9.0,0.0,21.61819596912725,-0.0,0.0,-9.961160328250068,7.981299875460698,625.42847,621,640.6383355163379,645.0668023132129,615.0,617.93665,1.9864561328951769,9.032679861487454,0.0812897604478829
0.0,81,0,2.5,2.49,4.0,8.0,6.494897,56.0,-0.25,-0.0700000000000002,0.0,0.0,1.3079313,7.0,-10.292410558946388,-10.170140069431474,0.0,0.0,-17.82033700261557,7.869167738001495,884.7723,868,837.5862801070081,854.3585579390393,750.0,750.6067,1.9731374343380368,7.12587428218599,0.0740399792250083
0.0,81,3,2.25,2.47,4.0,8.0,5.04709,61.0,0.0,-0.0500000000000002,0.0,0.0,2.7557383,2.0,0.0,-8.539071721968064,0.0,0.0,-72.7376166455827,2.6653131144711777,910.1303,898,819.3886247469204,831.5189348055142,750.0,750.6067,1.949102219614938,3.405377156510992,0.0609568654628258
0.0,82,4,2.25,1.87,4.0,8.0,9.778181,54.0,0.0,0.1399999999999996,0.0,0.0,-2.3397240000000004,4.0,0.0,19.526234775052217,0.0,0.0,45.71467233938246,2.620037895563832,542.7315,554,621.8609450099985,610.5924513576548,660.0,647.1481,1.9503504309165365,4.636152326679528,0.0616363056361793
0.0,82,5,2.25,1.89,4.0,8.0,10.23542,48.0,0.0,0.1199999999999998,0.0,0.0,-2.796963,10.0,0.0,13.197242745387593,0.0,0.0,24.86769636308758,7.363203854279231,545.01605,521,566.4281429627545,590.4441952088482,660.0,647.1481,2.031219044420108,10.384478899943367,0.1056556032562006
0.0,83,1,2.5,2.43,5.0,8.0,9.130187,52.0,0.0,-0.3400000000000003,0.0,0.0,-0.1531559999999991,-3.0,0.0,-47.49455678181768,0.0,0.0,3.816887368688633,-1.7750547582866825,671.88495,645,599.5472758285842,626.432224559053,600.0,581.9468,1.9089035922761803,3.023087289566082,0.0390755042761035
0.0,83,5,2.25,2.23,5.0,8.0,7.80899,41.0,0.25,-0.1400000000000001,0.0,0.0,1.1680410000000006,8.0,7.254539593787251,-18.60793548559673,0.0,0.0,-14.681387688717871,7.219659915647133,681.86816,652,633.1848763351197,663.0530403976197,600.0,581.9468,1.9859983203362304,8.089896153701913,0.0810405588551594
0.0,84,2,2.0,1.51,3.0,8.0,16.288511,5.0,0.0,0.0,0.0,0.0,0.0857950000000009,4.0,0.0,0.0,0.0,0.0,-0.8685816340549114,1.983741691895119,443.67285,485,486.1151600578402,444.7880116203402,450.0,447.88232,1.901103888288513,4.000919991954976,0.0348298831839844
0.0,85,5,1.5,1.57,4.0,7.0,9.269887,59.0,0.0,-0.08,0.0,0.0,0.6824759999999994,-7.0,0.0,-6.873055562547443,0.0,0.0,-6.313117208690742,-2.509055494299307,420.13715,419,403.3047717344625,404.4419177305562,412.5,402.4111,1.9527188724251336,7.033645817822788,0.0629255218987776
0.0,85,7,1.75,1.55,4.0,7.0,9.884106,56.0,-0.25,-0.06,0.0,0.0,0.0682570000000009,-4.0,-2.8242789086857982,-5.5030590677378415,0.0,0.0,-0.7819316220041563,-0.4420388640991234,428.7408,432,422.4486915374731,419.1895057464575,412.5,402.4111,1.9235693649407848,4.008835119838305,0.0470585397676456
0.0,85,8,1.75,1.34,4.0,7.0,10.068013,54.0,-0.25,0.1499999999999999,0.0,0.0,-0.1156500000000004,-2.0,-2.2999094965046254,14.171563719672951,0.0,0.0,1.6574950996279505,1.484923950819419,398.68628,410,425.0140732736157,413.7003525704907,412.5,402.4111,1.907016960775092,2.02444434907458,0.0380485521626974
0.0,86,1,1.0,1.47,4.0,7.0,9.295946,62.0,0.0,-0.05,0.0,0.0,0.0530159999999995,-1.0,-0.0,-4.208347043863903,0.0,0.0,-0.4369641530056331,-0.7444436616512374,397.2171,410,404.61024514147925,391.8273471922605,385.0,379.76193,1.855018405260823,1.002651832021465,0.0097441236356432
0.0,86,8,1.0,1.2,4.0,7.0,9.027397,60.0,0.0,0.2199999999999999,0.0,0.0,0.3215649999999996,1.0,-0.0,16.70924746520446,0.0,0.0,-2.777303553260197,0.3707497378860588,375.56693,390,404.3026936498303,389.8696186986584,385.0,379.76193,1.877021875137341,1.073221342140101,0.0217212955841257
0.0,87,3,1.75,1.97,4.0,8.0,10.997922,47.0,0.0,-0.04,0.0,1.0,-0.5006610000000009,0.0,0.0,-3.7078536641052153,0.0,79.91709429520569,6.270529732786894,-0.0,498.46094,525,607.4797703638874,580.9407078638874,670.0,677.50476,1.9915672090473224,1.1190448770808974,0.0840718779166082
0.0,87,7,1.75,2.09,4.0,8.0,9.4346695,52.0,0.0,-0.1599999999999999,0.0,1.0,1.0625915,-5.0,0.0,-20.4001057761394,0.0,120.91394399180128,-17.36005432810685,-6.046290593427995,558.30334,581,658.107493294127,635.4108380206895,670.0,677.50476,2.0164101267405528,5.21101724194732,0.0975946494878028
0.0,88,7,1.0,1.66,3.0,7.0,8.897646,52.0,0.0,-0.25,0.0,0.0,0.5750880000000009,-5.0,-0.0,-21.54396229883289,0.0,0.0,-4.556860715979722,-0.4229254322379042,353.0367,360,333.47625155294946,326.51296419943384,335.0,351.1323,1.9287919613723328,5.039169198165904,0.0499013611875948
0.0,88,9,1.0,1.06,3.0,7.0,9.56833,48.0,0.0,0.3499999999999998,0.0,0.0,-0.0955959999999986,-1.0,-0.0,20.617945079587507,0.0,0.0,-0.1352645268837586,1.8641837895131976,317.44406,326,348.3468643422169,339.7909256215138,335.0,351.1323,1.8942002718153024,1.0637850324271343,0.0310720303530425
0.0,89,8,2.5,2.52,3.0,8.0,5.342707,109.0,-0.5,0.2629999999999999,0.0,0.0,-0.1504190000000003,-4.0,-38.55889739698089,41.83396098450133,-0.0,0.0,2.0188468891979934,0.5039223801945898,804.6729,865,870.797832856913,810.4707454545693,840.0,757.8641,1.9749175355389572,4.042498593142736,0.0750089435878465
0.0,90,2,2.25,2.27,4.0,7.0,13.457523,36.0,0.0,0.2799999999999998,0.0,0.0,-1.6229940000000005,0.0,0.0,35.33965648043095,0.0,0.0,19.29998239226737,-0.0,421.7846,420,474.6396388726984,476.4242458062921,452.2,496.14648,1.9138499864937888,1.6469698005840911,0.0417679802538356
0.0,91,2,2.5,1.73,3.0,8.0,15.520116,19.0,0.0,0.07,0.0,0.0,-0.6571079999999991,-3.0,0.0,7.645619038505781,0.0,0.0,7.106041001352301,0.63083448707045,445.4836,435,450.38249452692855,460.8661065874754,485.5,466.868,1.892505932856388,3.071919745641803,0.0301497490417853
0.0,92,8,1.75,2.14,4.0,8.0,9.831314,51.0,0.0,-0.0300000000000002,0.0,1.0,-1.7525840000000006,4.0,0.0,-4.117601560305908,0.0,141.7275567493246,34.31695101623644,3.4777555783577987,568.5549,578,753.4046617836129,743.9595323890817,802.0,775.2417,2.0164977357352485,4.480228864361284,0.0976423377842213
0.0,93,1,2.5,3.19,3.0,9.0,13.507277,27.0,0.0,0.0899999999999998,0.0,0.0,-0.864414,16.0,0.0,11.727629555655842,0.0,0.0,7.529891524821208,10.50667714017352,726.6211,761,790.7641982206505,756.3852919706505,706.0,767.9091,2.0952954639812464,16.02358610184986,0.1405343882493741
0.0,93,2,2.5,3.14,3.0,9.0,11.739724,27.0,0.0,0.1399999999999996,0.0,0.0,0.9031389999999996,16.0,0.0,15.600949281575804,-0.0,0.0,-6.930086857986633,13.963402195028335,740.2577,765,787.6342646186175,762.891955048305,706.0,767.9091,2.0960379285343897,16.026080620454927,0.1409385347621084
0.0,93,6,2.5,2.96,3.0,9.0,15.142047,28.0,0.0,0.3199999999999998,0.0,0.0,-2.499184,15.0,0.0,39.56340147808607,-0.0,0.0,19.81940765634825,6.3669225778142025,672.05396,695,760.7497317122485,737.8036867903735,706.0,767.9091,2.100448204470165,15.210138745779275,0.1433391849104472
0.0,94,5,2.0,1.51,3.0,7.0,4.004961,76.0,0.0,-0.1,0.0,0.0,1.8496630000000005,-1.0,0.0,-11.330444257221451,0.0,0.0,-37.57216017610017,-0.2188018163283919,526.761,535,485.87859375035,477.639580078475,481.4,495.64203,1.912360955098628,2.1050542068006237,0.0409574542251403
0.0,94,7,1.75,1.48,3.0,7.0,5.7824345,69.0,0.25,-0.07,0.0,0.0,0.0721895000000003,6.0,1.5365989211742774,-7.457670143988606,0.0,0.0,-0.6823174761845078,3.067586706047472,531.26074,500,496.4641980070487,527.7249401945486,481.4,495.64203,1.9494137295798777,6.00604789557245,0.0611264300103579
0.0,94,8,1.75,1.16,3.0,7.0,6.2667713,74.0,0.25,0.25,0.0,0.0,-0.4121473,1.0,3.1241262769690845,24.6184379450791,0.0,0.0,9.961334083255528,-0.0484992903768034,458.9301,458,495.6553990149269,496.5855137610207,481.4,495.64203,1.9101423179043704,1.1379215249292414,0.0397497811028536
0.0,95,6,3.5,3.75,4.0,9.0,9.036385,34.0,-0.5,-0.3999999999999999,0.0,0.0,0.853492000000001,2.0,-9.38145724518712,-57.81132874302872,0.0,0.0,-39.310242757594345,3.868059795752005,900.6946,942,839.3650310499418,798.0596111280668,805.0,838.83624,1.975710869021004,2.2668146360176875,0.075440779638264
0.0,96,6,1.0,0.79,3.0,6.0,7.0704103,97.0,0.0,-0.12,0.0,-1.0,-1.7625422999999998,-2.0,0.0,-10.550989648361265,0.0,-13.095596176621536,29.16300999334231,0.0129414700359521,218.38974,248,253.52936563839543,223.91910562862984,310.0,255.84682,2.0088648773092896,2.849728997517008,0.0934875359125539
0.0,97,1,1.75,1.89,3.0,8.0,14.1858225,39.0,0.0,-0.2299999999999999,0.0,0.0,0.2837335000000003,2.0,0.0,-24.851237976033914,0.0,0.0,-4.161511619346725,-2.710674433809234,425.81107,445,413.2765759708101,394.0876416446383,375.0,415.42062,1.88644513331156,2.033077642152963,0.0268506676377579
0.0,98,3,2.5,3.54,3.0,9.0,8.71489,8.0,0.0,-0.2200000000000002,0.0,0.0,0.5561849999999993,-7.0,0.0,-30.83087871634289,0.0,0.0,-8.701005825116688,-8.954198154229696,941.25323,920,871.5139173043108,892.767152167592,800.0,831.4268,1.956082191746889,7.025506512289701,0.0647562810499649
0.0,99,4,2.5,2.24,4.0,8.0,7.796962,47.0,-0.25,0.2699999999999996,0.0,0.0,-1.4114119999999994,-1.0,-7.547523384023282,44.71332919655738,0.0,0.0,38.350864832623294,-0.2048767555915258,675.57263,650,725.3117938895659,750.8844257255034,799.0,829.57654,1.92841911153333,1.768469347697041,0.0496984074417648
0.0,99,8,2.25,2.4,4.0,8.0,7.3266063,47.0,0.0,0.1099999999999998,0.0,0.0,-0.9410562999999996,-1.0,0.0,17.590664093937743,0.0,0.0,26.588876232204875,0.1441350241424193,755.81226,706,750.323675350285,800.13593120966,799.0,829.57654,1.880554136704767,1.3775655918211986,0.0236440152459557
0.0,99,9,2.25,2.41,4.0,8.0,7.0033426,50.0,0.0,0.0999999999999996,0.0,0.0,-0.6177925999999996,-4.0,0.0,14.888736592919242,0.0,0.0,10.591747784449828,-3.551610994999145,784.1368,716,737.9288733823699,806.0656531675262,799.0,829.57654,1.907139572213189,4.048662457727831,0.0381152933760234
0.0,100,0,1.5,1.66,4.0,7.0,21.161354,56.0,0.25,0.2339999999999999,0.0,-1.0,-0.4301870000000001,23.0,10.38408133353281,16.24732991701947,0.0,-67.35962692895407,1.9209050311239828,2.6610624363461883,237.94498,235,198.8537517890684,201.798728595709,280.0,308.50034,2.241281752041916,23.028293832912787,0.2199992582919518
0.0,101,2,3.5,3.915,3.0,9.0,15.712264,1.0,0.0,0.0049999999999998,0.0,0.0,-0.5036839999999998,10.0,0.0,0.63571030499419,0.0,0.0,6.32323547411236,4.4029334885292455,960.6488,964,975.3618792676358,972.0106829785732,889.0,858.4864,1.998062223481049,10.0126780918921,0.0876073159687511
0.0,102,3,2.5,2.62,3.0,8.0,21.360092,24.0,0.0,-0.0100000000000002,0.0,0.0,1.792279999999998,3.0,-0.0,-0.8818506509465169,-0.0,0.0,-2.1003602330433524,-0.9870272283030423,394.82483,408,404.0307618877071,390.8555909892696,360.0,406.60837,1.9216528325606053,3.4946198074182537,0.0460153116772095
0.0,102,5,2.5,2.71,3.0,8.0,21.060503,21.0,0.0,-0.1,0.0,0.0,2.091868999999999,6.0,0.0,-10.50078578029624,-0.0,0.0,-11.05903476170672,2.2548168592816533,397.54547,400,380.6949963172787,378.24046750868496,360.0,406.60837,1.963742957688799,6.354991417237399,0.0689262738492031
0.0,102,9,2.5,2.21,3.0,8.0,24.161236,25.0,0.0,0.3999999999999999,0.0,0.0,-1.008863999999999,2.0,-0.0,44.2316843054007,-0.0,0.0,-3.4484257430889773,-0.9846501378490712,310.44284,294,333.79860842446266,350.24144900063453,360.0,406.60837,1.9174988802672768,2.275479415528956,0.0437541864473163
0.0,103,0,2.5,2.74,3.0,8.0,11.769992,54.0,-0.25,-0.0900000000000003,0.0,0.0,0.3166600000000006,-4.0,-5.981368145584644,-11.873319930796582,-0.0,0.0,-5.409657175725624,-4.817231128746716,598.5404,625,596.9184236191464,570.4588288925839,536.0,532.97394,1.9250266338347253,4.021302470046241,0.0478517764805752
0.0,103,1,2.0,2.68,3.0,8.0,12.4116745,49.0,0.25,-0.0300000000000002,0.0,0.0,-0.3250224999999993,1.0,1.8842489949465409,-1.937820437075024,-0.0,0.0,7.924140841277912,-1.9016483129672237,524.0484,525,530.9689210861821,530.0173219650884,536.0,532.97394,1.8982111799474144,1.0812213582362538,0.0332552922038991
0.0,103,9,2.25,2.68,3.0,8.0,10.044733,39.0,0.0,-0.0300000000000002,0.0,0.0,2.041919,11.0,0.0,-3.4954654736847384,-0.0,0.0,-21.02601373558011,7.442947269376883,619.12854,600,582.921468060112,602.0500080991745,536.0,532.97394,2.0299703268266533,11.187954826623184,0.1049758874924673
0.0,104,2,1.0,1.07,3.0,7.0,3.5896673,65.0,0.0,-0.02,0.0,0.0,0.4085684,-2.0,0.0,-2.574272044588825,0.0,0.0,-7.1366051909136745,-3.7178672607535135,430.09723,425,411.571255503744,416.6684845076503,400.0,427.59415,1.8729284133919124,2.0414034724861616,0.0194930972379247
0.0,104,3,1.0,1.06,3.0,7.0,3.3919804,65.0,0.0,-0.01,0.0,0.0,0.6062552999999999,-2.0,0.0,-1.2472820027066778,0.0,0.0,-10.164917423684354,-4.531637506259479,431.68484,450,434.0561630673495,415.7410080380526,400.0,427.59415,1.8768391907653288,2.0898912624292416,0.0216218548073673
0.0,104,9,1.0,0.89,3.0,7.0,4.168656,58.0,0.0,0.16,0.0,0.0,-0.1704203000000004,5.0,0.0,15.812336146740291,0.0,0.0,1.6838108863356858,5.231047887136393,331.5904,315,337.7271949202124,354.3175879866186,400.0,427.59415,1.921072803196501,5.005461325257852,0.0456995836821236
0.0,105,2,2.0,1.49,5.0,6.0,6.165268,67.0,-0.25,0.1999999999999999,0.0,0.0,-0.5270150000000005,2.0,-1.807818806924264,13.688296716797224,-0.0,0.0,11.2770334514053,-1.2823843707361442,436.13104,438,459.8751269905421,458.0061694710109,400.4,458.87976,1.9126946883690168,2.092903440253516,0.0411391156079501
0.0,105,3,1.75,1.8,5.0,6.0,10.004454,65.0,0.0,-0.1100000000000001,0.0,0.0,-4.366201000000001,4.0,0.0,-8.985580022190934,0.0,0.0,57.924710776655736,1.0756162515976255,369.13568,381,431.0147470060624,419.15042815840616,400.4,458.87976,2.0191720255136434,5.922483530783434,0.0990980367578674
0.0,105,6,2.0,1.35,5.0,6.0,10.418954,71.0,-0.25,0.3399999999999998,0.0,0.0,-4.780701,-2.0,0.4203094691777325,33.27548595838179,0.0,0.0,65.70038007899852,0.4042706056455429,282.63315,270,369.8004461122036,382.43359430556296,400.4,458.87976,2.041137194210376,5.199346310008692,0.1110543601847893
0.0,106,3,2.25,2.47,4.0,8.0,5.04709,61.0,-0.25,-0.1100000000000003,0.0,0.0,2.5278,3.0,-17.799587237921568,-17.316562586559147,0.0,0.0,-50.41068540955213,2.653482600888858,910.1303,898,815.126647366856,827.2569574254497,709.0,727.57904,1.9617350233038535,3.932476680159718,0.0678332928091798
0.0,106,5,1.75,2.06,4.0,8.0,7.5239844,55.0,0.25,0.2999999999999998,0.0,0.0,0.0509056000000001,9.0,4.354567558115253,38.571161204787614,0.0,0.0,-0.54779733669857,6.001370285249364,649.5665,640,688.3793017114536,697.9458300317661,709.0,727.57904,1.998880209463248,9.008612067355957,0.0880525711405591
0.0,106,9,2.25,2.41,4.0,8.0,8.288603,50.0,-0.25,-0.0500000000000002,0.0,0.0,-0.7137130000000003,14.0,-8.144022101870442,-5.391913488842604,0.0,0.0,5.386712893336141,5.880274408994267,684.0641,712,709.7310517116174,681.7951386256799,709.0,727.57904,2.0698068656231428,14.020498787360204,0.1266601526413529
0.0,107,0,1.75,1.91,4.0,8.0,20.625233,52.0,-0.25,-0.1299999999999999,0.0,0.0,-1.8857940000000009,7.0,-1.8628543774517383,-10.80822879731546,0.0,0.0,15.651105065175674,2.9036484234337108,297.88135,299,304.8836703138422,303.7650179700922,285.0,330.43414,1.984015471674505,7.255040937888359,0.0799612327532955
0.0,107,6,1.75,1.96,4.0,8.0,20.500122,48.0,-0.25,-0.1799999999999999,0.0,0.0,-1.7606830000000002,11.0,-2.427233834562428,-17.082885900266763,0.0,0.0,12.184346795035214,7.926344847847382,295.4718,286,286.6005719080534,296.0723736658659,285.0,330.43414,2.0362233968867214,11.144276765519106,0.1083796277086989
0.0,107,8,1.75,1.49,4.0,8.0,20.578438,46.0,-0.25,0.29,0.0,0.0,-1.8389989999999976,13.0,-4.5151057680024005,21.893238397637575,0.0,0.0,12.310293175633932,4.92536164434168,273.44064,269,303.6137874496108,308.0544307601577,285.0,330.43414,2.068590469919992,13.135011127593344,0.1259980306862342
0.0,108,4,1.0,1.56,4.0,6.0,10.472543,61.0,0.0,-0.28,0.0,0.0,-0.7365259999999996,7.0,-0.0,-18.374747040860825,0.0,0.0,5.1911333266815545,0.9689908731332731,310.66797,305,292.785377158954,298.453345908954,304.0,292.9277,1.9605536525575475,7.044208298217479,0.0671902360257349
0.0,108,7,1.0,1.3,4.0,6.0,11.160946,55.0,0.0,-0.02,0.0,0.0,-1.4249289999999988,13.0,0.0,-1.4740226275435504,0.0,0.0,7.545910214577106,3.1610710085071543,278.70312,295,304.2329585955407,287.9360835955407,304.0,292.9277,2.052063892453494,13.07787531119031,0.1170021013556797
0.0,108,9,1.0,0.89,4.0,6.0,8.613216,61.0,0.0,0.39,0.0,0.0,1.1228010000000008,7.0,-0.0,27.33135962151955,0.0,0.0,-7.908587840278744,1.8722124995615748,278.69293,283,304.2949842808024,299.98791640970865,304.0,292.9277,1.9717234592705195,7.100195918818086,0.0732703086862451
0.0,109,1,2.5,1.95,3.0,7.0,9.88215,52.0,0.0,0.2199999999999999,0.0,0.0,0.2971390000000014,1.0,0.0,24.59188246263553,0.0,0.0,-0.9481718193737626,-0.9741912833362182,411.32333,385,407.6695193599256,433.99285310016,420.0,429.70026,1.8767351209728445,1.066157392377411,0.0215652063875399
0.0,109,5,2.25,2.15,3.0,7.0,11.566741,52.0,0.25,0.02,0.0,0.0,-1.3874519999999997,1.0,2.202904940054347,2.7128270310811,0.0,0.0,10.045535240591173,-1.2298055261237706,387.56784,380,393.7314616856028,401.2993022617747,420.0,429.70026,1.9175259407311789,1.7285609773172594,0.0437689162981527
0.0,109,9,2.5,2.03,3.0,7.0,11.524484,42.0,0.0,0.1400000000000001,0.0,0.0,-1.3451949999999986,11.0,0.0,12.42067825554441,0.0,0.0,9.345957669047769,2.2002104892333887,422.20584,420,443.9668464138256,446.1726874782787,420.0,429.70026,2.021746080455807,11.082831298365278,0.1004991747974653
0.0,110,0,1.0,1.43,3.0,7.0,8.359538,71.0,0.0,0.08,0.0,0.0,-1.051538400000001,5.0,0.0,7.097100681588239,0.0,0.0,11.762882618971348,2.3285839987881043,336.12277,350,371.1885672993477,357.3113395161446,415.0,397.19745,1.927696557635137,5.110003229614885,0.0493050989168244
0.0,110,3,1.0,1.44,3.0,7.0,6.2376137,69.0,0.0,0.07,0.0,0.0,1.0703858999999998,7.0,0.0,6.691426893446012,0.0,0.0,-9.581892341983696,1.3849387702298472,463.8905,487,485.49447332169217,462.38497625137967,415.0,397.19745,1.956921749212222,7.081710667269513,0.0652132782499229
0.0,110,4,1.0,1.43,3.0,7.0,5.8741884,70.0,0.0,0.08,0.0,0.0,1.4338111999999992,6.0,-0.0,7.926069689230058,0.0,0.0,-15.010838430370509,2.486699670503102,461.29364,466,461.40193092936266,456.6955710660814,415.0,397.19745,1.9486761399933623,6.169458206134915,0.0607249370933462
0.0,110,5,1.0,1.37,3.0,7.0,8.108977,67.0,0.0,0.1399999999999999,0.0,0.0,-0.8009773999999998,9.0,0.0,12.82203248180042,0.0,0.0,5.558072581963307,3.758270896582693,334.6252,357,379.1383759603464,356.7635895833933,415.0,397.19745,1.985836702198656,9.036656726650111,0.0809525850839956
0.0,111,0,2.5,2.11,4.0,8.0,17.28152,26.0,0.25,0.08,0.0,0.0,2.693241999999998,-7.0,6.763704984036124,7.893286077267804,0.0,0.0,-22.183409590179743,-0.3523371472126987,376.62338,355,347.12124432391147,368.7446268922709,335.0,357.3403,2.001134927272,7.504828610339079,0.0892798840617613
0.0,111,4,3.0,2.19,4.0,8.0,15.628391,23.0,-0.25,0.0,0.0,0.0,4.346370999999998,-4.0,-5.849555665736323,0.0,0.0,0.0,-54.069135025170304,-1.3823748699738931,507.42203,520,458.69893443911945,446.1209620270101,335.0,357.3403,2.026547602132344,5.912143508884149,0.103112792152227
0.0,111,6,2.5,2.344,4.0,8.0,19.977726,39.0,0.25,-0.1539999999999999,0.0,0.0,-0.0029640000000021,-20.0,15.35040153555431,-14.195248396178426,0.0,0.0,0.013283572091387,-7.201938970541915,373.1619,355,348.9664977409254,367.1283934928785,335.0,357.3403,2.1626231742140827,20.00215550347752,0.1771829517205765
0.0,111,7,2.5,1.78,4.0,8.0,15.601065,20.0,0.25,0.4099999999999999,0.0,0.0,4.373696999999998,-1.0,-0.3924159626853223,31.437091188094065,0.0,0.0,-54.29560751430802,0.3367395328423407,452.15417,459,436.0858072439431,429.23998204863057,335.0,357.3403,2.028213367693534,4.512186326805331,0.1040195200757863
0.0,112,2,1.75,1.01,4.0,7.0,12.748797,38.0,0.0,0.1499999999999999,0.0,0.0,-1.119204,1.0,0.0,12.200134286833729,0.0,0.0,7.305147126034178,-0.6156507850239288,310.15182,315,333.889630627844,329.04145557901586,375.0,352.3865,1.8890246813130496,1.5083492943002292,0.0282547957201281
0.0,112,4,1.75,1.35,4.0,7.0,12.687592,42.0,0.0,-0.1900000000000001,0.0,0.0,-1.0579990000000006,-3.0,0.0,-16.312182289564106,0.0,0.0,10.389033424331243,1.1471005006085948,332.44693,338,333.2239516353757,327.67088156701635,375.0,352.3865,1.90687965550999,3.1867635437856072,0.0379738126430313
0.0,112,6,1.75,1.24,4.0,7.0,13.461523,37.0,0.0,-0.08,0.0,0.0,-1.83193,2.0,0.0,-6.555961828158739,0.0,0.0,16.539498195578208,-0.71310989066605,326.10895,347,356.2704264767534,335.37937423065966,375.0,352.3865,1.9161162796629472,2.713368298793955,0.0430015940031674
0.0,112,7,1.75,1.26,4.0,7.0,9.716941,36.0,0.0,-0.1,0.0,0.0,1.912652,3.0,0.0,-8.258753450861315,0.0,0.0,-17.261345493528317,0.201584170785302,384.83047,405,379.6814852263957,359.5119600799113,375.0,352.3865,1.926899171072859,3.55924678451832,0.0488710566489725
0.0,113,2,1.75,2.14,3.0,7.0,20.589493,47.0,0.0,0.0299999999999998,0.0,0.0,-1.8926359999999995,6.0,0.0,2.580942633051793,-0.0,0.0,7.847838725048088,-1.010534781893471,291.6567,292,301.4182465762064,301.0749543398783,278.0,297.94452,1.958006256489128,6.2914999029242615,0.0658036092389793
0.0,113,3,1.75,1.85,3.0,7.0,18.481224,50.0,0.0,0.3199999999999998,0.0,0.0,0.2156330000000004,3.0,0.0,31.98754931885719,0.0,0.0,-1.2007901959922802,-0.6098734743572526,269.4946,270,300.17688564850766,299.67148403717954,278.0,297.94452,1.9068733528255308,3.024714464323699,0.037970381896157
0.0,113,7,1.75,1.82,3.0,7.0,16.113277,56.0,0.0,0.3499999999999998,0.0,0.0,2.5835800000000013,-3.0,0.0,35.44672823876285,0.0,0.0,-17.199152583803837,0.2386684910032709,274.6126,268,286.4862441459623,293.09885400924355,278.0,297.94452,1.961045014617372,3.9745925094781738,0.0674576996536313
0.0,113,8,2.0,1.76,3.0,7.0,19.372372,53.0,-0.25,0.4099999999999999,0.0,0.0,-0.6755149999999972,0.0,-3.239844346842791,41.64204627107471,0.0,0.0,4.012630459464764,-0.0,258.87695,248,290.41483238369665,301.29178550869665,278.0,297.94452,1.927043612674342,0.8288066814553297,0.0489496806981424
0.0,114,0,1.5,2.12,3.0,7.0,17.26369,41.0,0.25,-0.1700000000000001,0.0,0.0,1.3664769999999995,12.0,3.102146511328518,-11.876468188119809,-0.0,0.0,-6.848810358985492,4.02926614496251,299.1855,316,304.4061341091857,287.59161994902945,274.0,286.2264,2.045845079141189,12.081335165929676,0.1136170081510628
0.0,114,3,1.75,1.87,3.0,7.0,17.632826,56.0,0.0,0.0799999999999998,0.0,0.0,0.9973409999999988,-3.0,0.0,8.325067199256084,0.0,0.0,-5.578587054557677,-0.8466730832151909,281.8155,285,286.8998070614832,283.71529778413947,274.0,286.2264,1.8999971077169608,3.1624498526112625,0.034227428148978
0.0,114,5,2.0,1.76,3.0,7.0,19.372372,53.0,-0.25,0.1899999999999999,0.0,0.0,-0.7422049999999984,0.0,-3.617902006663137,17.714243064708064,0.0,0.0,3.9244290219996807,-0.0,258.87695,248,266.0207700800446,276.8977232050446,274.0,286.2264,1.907885171303764,0.8058959374664931,0.0385211461148212
0.0,114,7,1.75,1.82,3.0,7.0,16.113277,56.0,0.0,0.1299999999999999,0.0,0.0,2.51689,-3.0,0.0,12.132263871161124,0.0,0.0,-13.051125892614586,-0.0017720766571808,274.6126,268,267.07936590188933,273.6919757651706,274.0,286.2264,1.9478772665376616,3.91811629129356,0.0602900854632303
0.0,115,0,1.75,1.78,3.0,7.0,15.305009,48.0,-0.25,0.08,0.0,0.0,-0.759481000000001,4.0,-1.97708244820012,7.383473566256195,0.0,0.0,6.887126301052367,-1.4768216647194194,338.3811,353,363.816695754389,349.197799270014,310.0,305.81906,1.9287994571520308,4.079915610568557,0.0499054413732581
0.0,115,1,1.5,1.73,3.0,7.0,13.264972,51.0,0.0,0.1300000000000001,0.0,0.0,1.280555999999999,1.0,-0.0,8.472908126958536,0.0,0.0,-13.064676932369876,-2.18887244495698,297.33438,302,295.2193587496317,290.5537398531473,310.0,305.81906,1.893170616393856,1.6299459098804467,0.0305115569322796
0.0,115,2,1.5,2.05,3.0,7.0,13.398851,47.0,0.0,-0.1899999999999997,0.0,0.0,1.1466769999999986,5.0,0.0,-18.099026221420047,0.0,0.0,-8.57351591450579,-1.5879636733413471,355.9997,375,346.73949419073284,327.7391890149516,310.0,305.81906,1.9332680364090524,5.13331940778372,0.0523378278298999
0.0,115,4,1.75,1.82,3.0,7.0,16.113277,56.0,-0.25,0.04,0.0,0.0,-1.567749000000001,-4.0,1.011782025448893,4.164119410471728,0.0,0.0,11.947026601746911,1.6247049390460542,274.6126,268,286.7476329767136,293.36024283999484,310.0,305.81906,1.94260085776456,4.303711993965326,0.0574179723146875
0.0,116,4,1.5,1.36,3.0,7.0,9.536783,60.0,0.0,-0.1200000000000001,0.0,0.0,0.2357030000000008,-7.0,0.0,-10.45527954689808,-0.0,0.0,-1.7888638575291502,-2.019686013098195,344.84753,352,337.7361705824746,330.5837047621621,355.0,339.71106,1.9508713001187927,7.004995068107401,0.0619198309180146
0.0,116,5,1.5,1.4,3.0,7.0,10.608462,58.0,0.0,-0.1599999999999999,0.0,0.0,-0.8359759999999987,-5.0,0.0,-12.450442195352784,0.0,0.0,6.596007602273782,-0.2614356832348852,290.00015,265,258.8841297236861,283.8842823115767,355.0,339.71106,1.926890430652548,5.071928220369053,0.0488662989667727
0.0,116,8,1.5,1.35,3.0,7.0,11.910182,56.0,0.0,-0.1100000000000001,0.0,0.0,-2.137696,-3.0,0.0,-8.138288952360483,0.0,0.0,18.84535883121794,0.3222486283296989,275.20618,275,286.0293185071872,286.23549526499966,355.0,339.71106,1.9345206651389653,3.685355367995873,0.0530196725466637
0.0,116,9,1.75,1.32,3.0,7.0,9.704378,49.0,-0.25,-0.08,0.0,0.0,0.0681080000000005,4.0,-2.8235573311415427,-7.093525723775922,0.0,0.0,-0.4936134360508122,0.1401607208510282,353.20044,350,339.72946422988275,342.9299036830077,355.0,339.71106,1.9239634846211608,4.009181799278252,0.0472730713486476
0.0,117,1,2.5,2.6,3.0,8.0,8.546011,17.0,0.0,0.02,0.0,0.0,0.3694579999999998,2.0,-0.0,2.2674988721091283,-0.0,0.0,-5.882527058370897,4.746226030773036,584.85144,583,584.1311978445112,585.9826382741987,565.0,584.2416,1.872281504427216,2.0339368755603013,0.0191409645993606
0.0,117,2,2.5,2.67,3.0,8.0,8.730886,16.0,0.0,-0.0499999999999998,0.0,0.0,0.1845829999999999,3.0,-0.0,-6.742657623965898,-0.0,0.0,-2.421746198199725,3.584509006227888,589.6385,612,606.4201051840623,584.0585939535936,565.0,584.2416,1.8862009711885968,3.006088968059495,0.0267177626120308
0.0,117,3,2.5,2.45,3.0,8.0,9.166899,25.0,0.0,0.1699999999999999,0.0,0.0,-0.2514300000000009,-6.0,0.0,21.307316820583072,-0.0,0.0,2.805559998181639,-6.590016675220184,546.9721,537,554.5228601435446,564.4949670771383,565.0,584.2416,1.9370563237000369,6.007671516061776,0.0543999102436738
0.0,117,4,2.5,2.6,3.0,8.0,10.310792,12.0,0.0,0.02,0.0,0.0,-1.3953229999999994,7.0,0.0,2.5600271710978304,-0.0,0.0,15.247910646098507,8.33157485608924,529.9346,515,541.1395126732856,556.0740829857856,565.0,584.2416,1.96142429549112,7.137739577368244,0.067664154011382
0.0,118,0,1.0,1.01,3.0,7.0,11.157367,40.0,0.0,0.1,0.0,0.0,-0.5003080000000004,-4.0,0.0,5.962856182521896,0.0,0.0,1.7700748304903011,0.0749242098999442,308.30856,285,292.80785522291217,316.11641845533404,299.9,308.45367,1.905709635872969,4.032407233262037,0.0373369346208673
0.0,118,1,1.0,0.93,3.0,7.0,11.426505,34.0,0.0,0.18,0.0,0.0,-0.7694460000000003,2.0,-0.0,11.45214161825356,0.0,0.0,0.8128015525894352,-1.0056775236027506,302.6927,281,292.2592656472402,313.9519536355215,299.9,308.45367,1.8891252585307152,2.150452777188097,0.0283095430230238
0.0,118,2,1.0,0.87,3.0,7.0,11.431436,34.0,0.0,0.2400000000000001,0.0,0.0,-0.7743769999999994,2.0,-0.0,13.59377701479451,0.0,0.0,0.313587414853047,-0.510485432196232,281.7504,280,293.3968789974513,295.1472757259669,299.9,308.45367,1.8948346517568035,2.158068520258103,0.0314173430552058
0.0,118,6,1.0,0.96,3.0,7.0,9.722208,44.0,0.0,0.1500000000000001,0.0,0.0,0.934851,-8.0,0.0,10.721763252617388,0.0,0.0,-5.571301945834487,-5.033473830224739,322.83496,319,319.11698747655817,322.95194841405817,299.9,308.45367,1.972026531397086,8.055833066306736,0.0734352802563225
0.0,119,1,2.25,2.07,3.0,7.0,18.218193,51.0,-0.25,0.1700000000000003,0.0,0.0,-1.5380800000000008,-4.0,-2.568419648891324,17.017566845243017,0.0,0.0,12.843842028414793,-0.4680371789217019,296.9063,279,305.8249520458448,323.73126308100103,309.0,321.1418,1.9450708356351736,4.296171561565018,0.0587624579722362
0.0,119,2,2.25,1.99,3.0,7.0,15.490095,48.0,-0.25,0.2500000000000002,0.0,0.0,1.1900179999999985,-1.0,-4.783678566969089,31.07690389553718,0.0,0.0,-19.73880950381754,1.77983902464653,325.15356,310,318.3342548493971,333.4878193025221,309.0,321.1418,1.9220477190098628,1.5940962456275958,0.0462302606343252
0.0,119,6,1.75,2.2,3.0,7.0,19.352627,42.0,0.25,0.04,0.0,0.0,-2.672514,5.0,3.035228472728123,4.121102051742991,-0.0,0.0,20.74485743851829,-0.102044928810932,302.0742,295,322.7991430341785,329.8733312666004,309.0,321.1418,1.9802677666470712,5.675071019837197,0.0779212405258118
0.0,119,8,2.0,1.97,3.0,7.0,14.243381,36.0,0.0,0.2700000000000002,0.0,0.0,2.4367319999999992,11.0,0.0,23.15108662477346,-0.0,0.0,-18.21262623979369,2.88336772150989,370.9571,360,367.8218281064897,378.7789203916459,309.0,321.1418,2.041120910150498,11.269896310074197,0.1110454962653132
0.0,120,1,1.75,1.54,3.0,8.0,7.555126,44.0,0.0,0.2299999999999999,0.0,0.0,0.5363749999999996,3.0,0.0,27.86378531974122,0.0,0.0,-8.250792441251045,1.029404814989845,499.34906,490,510.64239769348,519.9914577520738,495.0,503.36743,1.90053547084868,3.056239215216145,0.0345204759198754
0.0,120,6,1.75,1.6,3.0,8.0,9.998363,49.0,0.0,0.1699999999999999,0.0,0.0,-1.9068620000000005,-2.0,0.0,19.780633208300507,0.0,0.0,22.322663645733392,0.2245891983152723,462.47668,453,495.3278860523492,504.8045706226617,495.0,503.36743,1.9220446566318692,2.76857773722249,0.0462285936868843
0.0,120,7,1.75,1.66,3.0,8.0,8.2336,37.0,0.0,0.1100000000000001,0.0,0.0,-0.1420989999999999,10.0,0.0,11.176234825413069,-0.0,0.0,1.0622842089524824,8.44934809772306,480.091,460,480.6878671320886,500.7788705500574,495.0,503.36743,1.9978829875881488,10.001614475963418,0.0875097523062626
0.0,120,9,1.75,1.47,3.0,8.0,9.385045,52.0,0.0,0.3,0.0,0.0,-1.2935440000000007,-5.0,0.0,36.47886432525672,-0.0,0.0,16.575310887967685,-4.692631797612362,445.56992,432,480.36154341561206,493.9314591870965,495.0,503.36743,1.9424791047810328,5.173321571286285,0.0573516983848423
0.0,121,0,2.5,1.65,3.0,8.0,14.770093,16.0,0.0,-0.1199999999999998,0.0,0.0,0.6307620000000007,5.0,0.0,-12.521661192768317,0.0,0.0,-4.86585873680207,1.0167121136982604,460.84116,465,448.6291921841279,444.4703481899873,450.0,436.3483,1.9227427411076563,5.04105749824816,0.046608582745337
0.0,121,5,2.5,1.65,3.0,8.0,14.769874,15.0,0.0,-0.1199999999999998,0.0,0.0,0.6309810000000002,6.0,0.0,-11.995550978126532,0.0,0.0,-5.586216208824578,1.8254480559836497,470.13217,485,469.2436808690325,454.3758524998919,450.0,436.3483,1.9378114740539063,6.034280157762067,0.0548109620316876
0.0,121,6,2.5,1.65,3.0,8.0,14.824403,14.0,0.0,-0.1199999999999998,0.0,0.0,0.5764519999999997,7.0,0.0,-10.199658488327216,0.0,0.0,-4.637805346626802,1.9761141747134676,477.67856,500,487.13865033975947,464.8172086893688,450.0,436.3483,1.952692168888493,7.024720414956314,0.0629109863345336
0.0,121,8,2.5,1.82,3.0,8.0,14.533282,16.0,0.0,-0.29,0.0,0.0,0.8675730000000001,5.0,0.0,-29.322643199497936,0.0,0.0,-7.063918546623704,1.4194835237174996,442.39694,456,421.0329217775959,407.4298639162677,450.0,436.3483,1.9349337769435315,5.08298956425537,0.0532445421306433
0.0,122,0,1.75,1.14,4.0,7.0,9.163315,33.0,-0.25,0.1200000000000001,0.0,0.0,0.5410619999999984,-1.0,-0.0411876848831226,10.702112124804776,0.0,0.0,-3.29195781632236,0.4138662770311654,407.22507,420,427.78283290063047,415.0079000393024,401.0,400.31543,1.903028186524544,1.1703196519942738,0.0358773384709208
0.0,122,2,1.5,1.37,4.0,7.0,11.38403,33.0,0.0,-0.1100000000000001,0.0,0.0,-1.679653,-1.0,-0.0,-11.563330804549294,0.0,0.0,12.716096666411062,0.1864552532129811,352.37265,355,356.33922111507474,353.7118712615591,401.0,400.31543,1.9064532934961147,1.9578902421762563,0.0377417305586535
0.0,122,3,1.75,1.26,4.0,7.0,9.716941,36.0,-0.25,0.0,0.0,0.0,-0.0125640000000011,-4.0,-0.2884397624503994,0.0,0.0,0.0,0.1151194603082119,-1.2388347979506669,384.83047,405,403.5878448999072,383.4183197534228,401.0,400.31543,1.9230202315358629,4.007824578757908,0.0467596294025841
0.0,122,6,1.75,1.53,4.0,7.0,10.86575,31.0,-0.25,-0.27,0.0,0.0,-1.161373000000001,1.0,1.6381316863859654,-29.584040713936467,0.0,0.0,8.093995581019751,0.6931947538375768,426.63293,440,420.8412813073068,407.4742158776193,401.0,400.31543,1.9229388761760065,1.5761304657702049,0.0467153451538089
0.0,123,1,1.0,0.64,3.0,6.0,4.2016277,97.0,0.0,-0.01,0.0,-1.0,0.3374382999999996,0.0,0.0,-0.836102116735451,0.0,-5.180750932162874,-7.735856102460348,-0.0,314.62497,340,326.24729084864134,300.8722603310632,315.0,296.3596,1.9907784668856223,1.0554452171036115,0.083642541064434
0.0,123,2,1.0,0.91,3.0,5.0,6.060771,98.0,0.0,-0.28,0.0,0.0,-1.521705,-1.0,0.0,-32.887984357560455,0.0,0.0,42.66000453469352,0.2057069607471822,273.37314,265,274.97772713788027,283.35086556561464,315.0,296.3596,1.912366751294689,1.8422774240121924,0.040960609274651
0.0,123,3,1.0,0.69,3.0,6.0,4.5121293,97.0,0.0,-0.0599999999999999,0.0,-1.0,0.0269367000000002,0.0,0.0,-5.6707882625299,0.0,3.45449897599402,-0.7499890133082301,-0.0,315.02716,340,337.03372170015587,312.0608823446871,315.0,296.3596,1.990500646678424,1.0021604591116584,0.0834913148982404
0.0,123,7,1.0,0.73,3.0,6.0,5.0355825,88.0,0.0,-0.0999999999999999,0.0,-1.0,-0.4965165000000002,9.0,0.0,-4.904400078098849,0.0,-17.735454267211743,3.3540230282846832,-0.1961621726499355,306.46826,316,296.51800651032414,286.98626822907414,315.0,296.3596,2.0485992363339585,9.06953850175257,0.1151161814385518
0.0,124,1,2.25,1.53,3.0,7.0,23.119848,36.0,0.0,-0.06,0.0,0.0,-0.0435160000000003,-6.0,0.0,-4.032901781242627,-0.0,0.0,0.0790505941668208,1.1066195107302204,254.50946,245,242.1527683236544,251.6622287728732,269.0,272.56796,1.9334389397346985,6.000457786057327,0.0524308558172727
0.0,124,2,2.25,1.57,3.0,7.0,22.052717,25.0,0.0,-0.1,0.0,0.0,1.0236149999999995,5.0,0.0,-7.61026243798285,0.0,0.0,-1.394041575894581,-1.8223380780431653,276.77734,275,264.1733579080794,265.9507016580794,269.0,272.56796,1.927698873907248,5.104682915541866,0.0493063597356638
0.0,124,5,2.25,1.62,3.0,7.0,22.034416,25.0,0.0,-0.1500000000000001,0.0,0.0,1.0419160000000005,5.0,0.0,-10.981584257525787,0.0,0.0,-1.1392666064970918,-0.213452805623539,276.8212,280,267.6656963303536,264.4868938401192,269.0,272.56796,1.9296759788831197,5.109607514384642,0.0503825593709533
0.0,124,8,2.25,1.76,3.0,7.0,22.538235,24.0,0.0,-0.29,0.0,0.0,0.5380970000000005,6.0,0.0,-23.454846066361004,0.0,0.0,-1.62640676072479,0.6478077758586319,287.0652,300,275.5665549487728,262.6317404956478,269.0,272.56796,1.945174773338036,6.031056987080208,0.0588190344915805
0.0,125,0,1.0,1.43,3.0,7.0,5.8741884,70.0,0.0,0.04,0.0,0.0,0.7290582999999993,4.0,0.0,3.725188374085965,0.0,0.0,-10.60730840920517,2.3899856537048274,461.29364,466,461.5078656185856,456.8015057553044,445.4,452.08777,1.907290292362286,4.066094687141322,0.0381973350336331
0.0,125,3,1.0,1.69,3.0,7.0,7.2159014,73.0,0.0,-0.2199999999999999,0.0,0.0,-0.6126547000000002,1.0,-0.0,-20.12326507679603,0.0,0.0,14.796877948855348,1.705422557053653,385.8209,400,396.37903542911295,382.1999277630973,445.4,452.08777,1.88186896206593,1.1932081886377122,0.0243597155205603
0.0,125,7,1.0,1.18,3.0,7.0,5.9514766,76.0,0.0,0.29,0.0,0.0,0.6517700999999994,-2.0,-0.0,24.443782571933426,0.0,0.0,-13.58843042530411,-1.7874635177532512,475.02585,435,444.06788862887606,484.093737017548,445.4,452.08777,1.8980611631649011,2.1234180613468485,0.0331736334105631
0.0,125,9,1.0,1.37,3.0,7.0,8.108977,67.0,0.0,0.0999999999999998,0.0,0.0,-1.5057302999999995,7.0,0.0,8.777402680349903,0.0,0.0,14.769991124454013,2.848750089168483,334.6252,357,383.3961438939724,361.0213575170193,445.4,452.08777,1.964277856594074,7.160811667425564,0.0692174359340691
0.0,126,5,1.75,1.01,4.0,7.0,12.748797,38.0,0.0,0.26,0.0,0.0,-0.1475589999999993,-5.0,0.0,18.7016184503451,0.0,0.0,1.1273546352232429,-0.2790495759599713,310.15182,315,334.5499235096084,329.70174846078027,365.0,341.0932,1.9269088432717427,5.008929392443159,0.048876321527185
0.0,126,6,1.5,1.37,4.0,7.0,11.38403,33.0,0.25,-0.1,0.0,0.0,1.2172080000000012,0.0,-4.5678611255014765,-10.630479913681135,0.0,0.0,-8.714648300471683,-0.0,352.37265,355,331.0870106603457,328.4596608068301,365.0,341.0932,1.9131142408632416,1.2466335930272388,0.0413674910593193
0.0,126,8,1.75,1.53,4.0,7.0,10.86575,31.0,0.0,-0.26,0.0,0.0,1.735488,2.0,0.0,-27.24453223436608,0.0,0.0,-13.58349936220393,0.0178170343083415,426.63293,440,399.1897854377384,385.8227200080509,365.0,341.0932,1.9220597377642972,2.6607364766440136,0.0462368028155937
0.0,126,9,1.75,1.33,4.0,7.0,10.498829,40.0,0.0,-0.06,0.0,0.0,2.102409,-7.0,0.0,-4.543899552942894,0.0,0.0,-13.883924433617176,-1.3617213210396777,373.33688,360,340.2104546924003,353.5473382373221,365.0,341.0932,1.9759054777292864,7.309153412214099,0.0755467112015518
0.0,127,0,1.5,2.24,3.0,8.0,8.291708,59.0,0.25,0.1099999999999998,0.0,0.0,-0.9475656,-3.0,22.218722209488707,16.4978683994573,-0.0,0.0,22.887328424156948,-1.814947706468084,514.32947,497,556.7889713266349,574.1184391000724,620.0,618.95526,1.9222219160908025,3.157923457955142,0.0463250815149884
0.0,127,3,1.75,2.02,3.0,8.0,6.1414385,59.0,0.0,0.33,0.0,0.0,1.2027039000000004,-3.0,0.0,38.5729195771688,0.0,0.0,-26.75645940240506,-2.391374644206165,669.6306,678,687.4250855305576,679.0557007649326,620.0,618.95526,1.921598111276546,3.2489069963720434,0.045985525182984
0.0,127,4,1.75,2.74,3.0,8.0,7.3174586,62.0,0.0,-0.3900000000000001,0.0,0.0,0.0266837999999998,-6.0,0.0,-52.09591045980685,-0.0,0.0,-0.4056552929837382,-5.5669887537110245,686.1716,675,616.9314454934984,628.1030153177171,620.0,618.95526,1.9506957040221289,6.0127208504289,0.0618242485096479
0.0,127,6,1.75,2.39,3.0,8.0,6.90691,58.0,0.0,-0.04,0.0,0.0,0.4372324000000001,-2.0,0.0,-8.20656648293379,-0.0,0.0,-15.873409234247042,-2.581632093381866,666.0041,695,668.3383921894373,639.342481544906,620.0,618.95526,1.8738365406783728,2.047625984307134,0.0199874191208864
0.0,128,3,2.25,2.62,3.0,7.0,11.280067,39.0,0.0,0.1899999999999999,0.0,0.0,3.341308,18.0,0.0,15.779872009031896,0.0,0.0,-20.15871066194544,3.7332816278927634,493.94516,469,468.3544429749792,493.2996028870886,407.0,431.44943,2.1539947171427487,18.30847997925726,0.1724862145889591
0.0,128,4,2.25,2.15,3.0,7.0,11.566741,52.0,0.0,0.6600000000000001,0.0,0.0,3.054634,5.0,0.0,80.79563954778057,-0.0,0.0,-34.803770615448414,0.9344728113047251,387.56784,380,426.9263417436369,434.4941823198088,407.0,431.44943,2.0134398393330817,5.89630298356148,0.0959778298127543
0.0,128,6,2.25,3.02,3.0,7.0,14.590435,56.0,0.0,-0.2099999999999999,0.0,0.0,0.030940000000001,1.0,0.0,-22.67666189835324,-0.0,0.0,-0.4387948921457805,2.372992130714463,421.80597,465,444.2575353402154,401.0635045784967,407.0,431.44943,1.873625589419865,1.022280432953698,0.0198725918000101
0.0,128,7,2.0,2.54,3.0,7.0,11.858706,53.0,0.25,0.27,0.0,0.0,2.7626690000000007,4.0,2.483637914489951,31.62635557470838,-0.0,0.0,-30.02138403383153,0.9119312552491272,413.3407,385,390.000540710616,418.34123895280345,407.0,431.44943,1.9809041130073533,4.875216918616135,0.0782676236107827
0.0,129,1,2.5,3.04,4.0,10.0,14.069427,32.0,0.25,0.0899999999999998,0.0,0.0,-0.0636499999999991,-10.0,9.422768812208616,13.899517994308267,0.0,0.0,1.0279330965773252,-10.488449820784398,797.93555,790,803.8617700823098,811.7973169573098,840.0,844.4271,2.007468508550574,10.003731869782396,0.0927274490344168
0.0,129,2,2.5,3.09,4.0,10.0,16.326206,17.0,0.25,0.04,0.0,0.0,-2.320428999999999,5.0,3.394236493764788,6.106463583225692,0.0,0.0,53.11174716607623,7.562603493948663,771.592,780,850.1750507370153,841.7670307174841,840.0,844.4271,1.9706818130849515,5.518015109080529,0.0727033083202101
0.0,129,8,2.75,3.58,4.0,10.0,19.582335,26.0,0.0,-0.4500000000000002,0.0,0.0,-5.576558,-4.0,0.0,-56.82729176320395,0.0,0.0,123.9073794962373,-2.884817953029202,620.7888,600,664.1952697800041,684.9840881393791,840.0,844.4271,2.0736529287712084,6.877535832503092,0.1287536842483047
0.0,129,9,2.5,3.4,4.0,11.0,12.775628,27.0,0.25,-0.27,0.0,-1.0,1.2301490000000008,-5.0,18.524048854830376,-38.38058220592324,0.0,-141.36118284260837,-35.150508270223426,-4.313776926224385,924.58453,915,714.317998609851,723.9025323012572,840.0,844.4271,2.0299275511054287,5.258199935548381,0.1049526033390498
0.0,130,3,1.5,1.4,3.0,7.0,11.405177,61.0,0.0,0.06,0.0,0.0,-0.980378,-1.0,-0.0,7.264527055226604,0.0,0.0,12.09703894385919,-0.1078592828209387,293.9755,320,339.25370671626484,313.22920110103047,325.0,318.85873,1.8794650281498493,1.4016921997656977,0.0230511796383897
0.0,130,7,1.5,1.35,3.0,7.0,11.910182,56.0,0.0,0.1099999999999998,0.0,0.0,-1.4853830000000006,4.0,0.0,9.738722854529067,0.0,0.0,14.655358921389675,0.8384710289433077,275.20618,275,300.23255280486205,300.4387295626745,325.0,318.85873,1.924910640755916,4.268309109786802,0.0477886378457358
0.0,130,8,1.5,1.46,3.0,7.0,12.340383,63.0,0.0,0.0,0.0,0.0,-1.915583999999999,-3.0,0.0,0.0,0.0,0.0,17.61456125385812,-0.5988019822738969,324.55603,310,327.0157592715842,341.5717895450217,325.0,318.85873,1.925625390160871,3.5594187813540565,0.0481776981426464
0.0,130,9,1.5,1.5,3.0,7.0,8.437249,62.0,0.0,-0.04,0.0,0.0,1.9875500000000008,-2.0,0.0,-3.8596091464757194,0.0,0.0,-16.686454693740455,-0.3977842529364113,355.7148,332,311.0561519068474,334.77096513926926,325.0,318.85873,1.920906191900816,2.819921098630244,0.045608891979943
0.0,131,2,2.5,2.67,3.0,8.0,8.730886,16.0,0.0,-0.2399999999999997,0.0,0.0,0.5640090000000004,-4.0,-0.0,-33.13394924209212,-0.0,0.0,-6.290136813478564,-5.396839993830132,589.6385,612,567.1790739505992,544.8175627201305,510.0,528.4858,1.9143755378274208,4.046690765561535,0.0420540541651774
0.0,131,3,2.5,2.62,3.0,8.0,8.8533125,19.0,0.0,-0.1899999999999999,0.0,0.0,0.4415825000000009,-7.0,0.0,-25.53128350775585,-0.0,0.0,-4.814976043469734,-4.760189028872441,588.96075,605,569.893551419902,553.8543058144332,510.0,528.4858,1.954078569396208,7.016487376480217,0.0636656471840974
0.0,131,4,2.5,2.59,3.0,8.0,7.353221,11.0,0.0,-0.1599999999999997,0.0,0.0,1.9416740000000008,1.0,-0.0,-24.2695179484795,-0.0,0.0,-24.207868431290134,2.1457279524599824,612.5735,620,573.6683415726903,566.2418279008153,510.0,528.4858,1.9181647203206356,2.189908199508829,0.0441166238653244
0.0,131,5,2.5,2.12,3.0,8.0,10.049449,10.0,0.0,0.31,0.0,0.0,-0.7545539999999988,2.0,-0.0,46.37511607007826,-0.0,0.0,4.133596615229053,2.835600872322851,480.76956,470,523.3443135576301,534.1138753252083,510.0,528.4858,1.9021181509819265,2.159965680031976,0.0353819778648739
0.0,132,4,2.5,1.86,3.0,8.0,18.828604,3.0,0.0,0.1659999999999997,0.0,0.0,-0.8734339999999996,2.0,-0.0,20.03460611483521,0.0,0.0,14.651459054608422,1.3554519458220684,325.27332,310,346.0415171152657,361.3148325449532,358.0,357.9629,1.8904501931681188,2.1887080555332177,0.0290307460906189
0.0,132,5,2.5,2.31,3.0,8.0,17.889046,4.0,0.0,-0.2840000000000002,0.0,0.0,0.0661239999999985,1.0,-0.0,-31.671763432977496,0.0,0.0,-1.5562550347937094,1.7852588994948662,384.00372,375,343.55724043172364,352.5609635762549,358.0,357.9629,1.8843414166054917,1.0416469571673503,0.0257055493059276
0.0,132,7,2.5,1.741,3.0,8.0,17.161955,3.0,0.0,0.2849999999999997,0.0,0.0,0.793215,2.0,0.0,27.96931409511472,0.0,0.0,-15.93891531669366,0.9055816091043536,322.46735,300,312.93598038752543,335.4033265789317,358.0,357.9629,1.8999853632834536,2.170349058613614,0.0342210352891089
0.0,132,8,2.5,1.981,3.0,8.0,18.046644,5.0,0.0,0.0449999999999997,0.0,0.0,-0.0914740000000016,0.0,-0.0,5.964392616346405,0.0,0.0,2.262012441472277,0.0,347.11676,304,312.2264050578187,355.34316531172493,358.0,357.9629,1.8449940890255865,0.1019435759427746,0.0042875770141705
0.0,133,1,2.75,1.84,3.0,10.0,13.207787,2.0,-0.25,0.3800000000000001,0.0,0.0,-0.0730389999999996,1.0,-8.02724685752658,57.60275485070864,0.0,0.0,1.018686849328659,0.8672156345648891,580.4643,599,650.4614104770756,631.9257049106693,654.0,658.45013,1.921278276865186,1.101015302128449,0.0458114293807583
0.0,133,3,2.5,2.38,3.0,10.0,14.293728,23.0,0.0,-0.1599999999999997,0.0,0.0,-1.1589799999999997,-20.0,0.0,-16.36692799742387,-0.0,0.0,7.1954613723160366,-9.431642264977803,663.81934,648,629.3968911099143,645.2162270474143,654.0,658.45013,2.160738933827718,20.03419163930504,0.1761573011651681
0.0,133,7,2.5,2.09,3.0,10.0,13.235989,29.0,0.0,0.1300000000000003,0.0,0.0,-0.1012409999999999,-26.0,0.0,12.711471882543703,-0.0,0.0,0.5316366155360319,4.226235078527043,632.5837,632,649.4693435766068,650.0530227758255,654.0,658.45013,2.252980348795893,26.000522105143983,0.2263671677928017
0.0,133,9,2.5,2.65,3.0,10.0,15.101325,25.0,0.0,-0.4299999999999997,0.0,0.0,-1.9665769999999991,-22.0,0.0,-49.08467375199855,0.0,0.0,10.372468089958312,-2.1985856438589297,672.4846,695,654.0892086941009,631.5738278347259,654.0,658.45013,2.2029915357796392,22.0919063255512,0.1991567045178639
0.0,134,0,2.25,2.78,4.0,9.0,8.4416,37.0,0.25,-0.1499999999999999,0.0,0.0,0.4371270000000002,11.0,5.459350631739414,-20.38987934719696,0.0,0.0,-5.065052083406771,11.463726701059556,808.67633,830,821.4681459021953,800.1444764686015,852.5,860.2097,2.0242331160049933,11.012541941537794,0.1018529454791695
0.0,134,4,2.25,2.24,4.0,9.0,6.3962655,45.0,0.25,0.3899999999999997,0.0,0.0,2.4824614999999994,3.0,-0.8519415211582253,57.44506977138492,0.0,0.0,-71.08482576870237,5.0695611566485015,962.8438,939,929.5778636381727,953.4216746733292,852.5,860.2097,1.9735114396682063,3.92137923427233,0.0742435619405633
0.0,134,6,2.5,2.48,4.0,9.0,6.269254,48.0,0.0,0.1499999999999999,0.0,0.0,2.6094729999999995,0.0,0.0,23.255312062422327,0.0,0.0,-113.4184088630552,0.0,1061.5906,1013,922.8369031993672,971.4274793712422,852.5,860.2097,1.9411547751973848,2.613780659835289,0.0566308246667959
0.0,134,9,2.25,2.46,4.0,9.0,8.6611805,58.0,0.25,0.1699999999999999,0.0,0.0,0.2175464999999992,-10.0,6.898578651996534,24.35757423679125,0.0,0.0,-2.69277838732195,-11.772929796435042,853.74963,900,916.7904447050308,870.5400784940933,852.5,860.2097,2.0091418147372746,10.006933920020767,0.0936382815546076
0.0,135,0,1.0,1.44,4.0,6.0,6.24509,93.0,0.0,-0.2099999999999999,0.0,0.0,-0.4608980000000002,-2.0,-0.0,-10.612162197081467,0.0,0.0,12.1946682434209,-0.2595708473313242,416.96014,420,421.3229351990081,418.2830792419769,415.0,421.50497,1.8862857850874448,2.063135227367319,0.0267639294509801
0.0,135,2,1.0,1.45,4.0,6.0,6.1290665,92.0,0.0,-0.2199999999999999,0.0,0.0,-0.3448745000000004,-1.0,-0.0,-17.75343031875017,0.0,0.0,12.29287791639398,0.6524316991023823,417.66046,394,389.1918792967462,412.85234072252746,415.0,421.50497,1.877314502845384,1.080434366701768,0.0218805819328597
0.0,135,4,1.0,1.06,4.0,6.0,5.893905,83.0,0.0,0.1699999999999999,0.0,0.0,-0.1097130000000001,8.0,0.0,12.41127866726579,0.0,0.0,0.8724544074352825,2.356648589266393,363.64587,344,359.64038166396745,379.28625568740495,415.0,421.50497,1.9677164588455167,8.002558149889882,0.0710891739217181
0.0,135,5,1.0,1.4,4.0,6.0,4.734059,98.0,0.0,-0.1699999999999999,0.0,0.0,1.0501329999999998,-7.0,0.0,-13.260820717100945,0.0,0.0,-9.173794872349768,-2.245925430406305,434.24423,435,410.319458980143,409.5636911578774,415.0,421.50497,1.9590762965004425,7.080372823353937,0.0663860652461089
0.0,136,0,2.5,2.11,4.0,8.0,17.28152,26.0,0.25,-0.1899999999999999,0.0,0.0,2.508697999999999,11.0,6.433778994328895,-17.900100963037556,-0.0,0.0,-21.10240818037336,3.0031327463721853,376.62338,355,325.43440259729016,347.05778516564953,329.0,308.99893,2.048191538412208,11.286813795540528,0.1148942587991113
0.0,136,3,2.5,2.344,4.0,8.0,19.977726,39.0,0.25,-0.4239999999999999,0.0,0.0,-0.1875080000000011,-2.0,5.07184160832763,-34.70876824873672,0.0,0.0,1.608352185327397,0.944129360548502,373.1619,355,327.9155549054668,346.07745065741994,329.0,308.99893,1.9306960390682104,2.0681961343315582,0.0509378098065981
0.0,136,4,2.25,1.89,4.0,8.0,19.250256,36.0,0.5,0.03,0.0,0.0,0.5399619999999992,1.0,2.989124124720799,3.164539371663329,-0.0,0.0,-3.8807236052604783,-1.1796634164536512,297.57846,291,292.09327647467,298.6717371680294,329.0,308.99893,1.9550185050543705,1.241957713226984,0.0641772833515519
0.0,136,7,2.25,2.01,4.0,8.0,18.927034,40.0,0.5,-0.0899999999999998,0.0,0.0,0.8631840000000004,-3.0,5.017132231933266,-8.565938318982253,-0.0,0.0,-8.15022191281793,-0.2795865025307592,321.07568,322,310.0213854976023,309.0970690913523,329.0,308.99893,1.9667410766160225,3.1627814685583324,0.0705582430847314
0.0,137,0,1.0,1.71,3.0,7.0,6.994516,65.0,0.0,0.05,0.0,0.0,-0.1456986999999996,3.0,0.0,3.780802245273877,0.0,0.0,2.408410903005049,2.135624813264861,412.07034,433,441.3248379615438,420.3951809791219,430.0,392.36713,1.886003168756181,3.003952082038209,0.0266100926055191
0.0,137,1,1.0,1.69,3.0,7.0,7.2159014,73.0,0.0,0.07,0.0,0.0,-0.3670840999999996,-5.0,0.0,6.85348096710379,0.0,0.0,4.64921289959404,-2.9181057494492486,385.8209,400,408.5845881172486,394.40548045123296,430.0,392.36713,1.918988353511372,5.013945625599944,0.0445649529881077
0.0,137,3,1.0,1.44,3.0,7.0,6.2376137,69.0,0.0,0.32,0.0,0.0,0.6112036000000005,-1.0,-0.0,29.027245762648352,0.0,0.0,-15.364358367203552,-2.116524752570644,463.8905,487,498.54636264287416,475.43686557256166,430.0,392.36713,1.8947180117081568,1.21489499161572,0.0313538522545931
0.0,137,6,1.0,1.43,3.0,7.0,5.8741884,70.0,0.0,0.33,0.0,0.0,0.9746289,-2.0,0.0,22.669078544267432,0.0,0.0,-20.291767491870928,-3.374332638594673,461.29364,466,465.0029784138018,460.2966185505206,430.0,392.36713,1.9086134296654704,2.249177959325409,0.0389175597563983
0.0,138,1,2.25,2.62,4.0,7.0,9.274973,54.0,0.0,0.1,0.0,0.0,0.7540230000000001,3.0,0.0,13.38591165098942,0.0,0.0,-13.185935824238094,-0.4964126518914251,547.0721,539,538.7035631748599,546.7756456943912,530.0,559.25684,1.8954158330863544,3.094923372965638,0.0317336981008572
0.0,138,2,2.25,2.53,4.0,7.0,9.273204,54.0,0.0,0.1900000000000004,0.0,0.0,0.7557919999999996,3.0,0.0,22.968220543005184,0.0,0.0,-12.355352029117094,-0.0051115224134123,526.69965,528,538.6077569914747,537.3074029875685,530.0,559.25684,1.9006758617333743,3.0995679613881677,0.0345968950381062
0.0,138,7,2.5,2.23,4.0,7.0,8.326368,58.0,-0.25,0.4900000000000002,0.0,0.0,1.702627999999999,-1.0,-14.393407555897715,60.59468435644355,0.0,0.0,-29.05274658450318,0.3056410537652789,543.3446,556,573.454171269808,560.7987757619954,530.0,559.25684,1.9545256530444088,2.049766354095997,0.063909008697527
0.0,138,9,1.75,2.52,4.0,7.0,10.715109,59.0,0.5,0.2000000000000001,0.0,0.0,-0.6861130000000006,-2.0,23.752138492888367,18.87087640926977,0.0,0.0,9.83058156898482,1.1400305419791246,449.53796,425,478.5936270131221,503.1315908803096,530.0,559.25684,1.9631762823844183,2.181914537457643,0.0686178148835213
0.0,139,3,1.0,1.25,4.0,7.0,8.521136,68.0,0.0,-0.07,0.0,0.0,-0.8472270000000002,-1.0,-0.0,-4.9244926652833,0.0,0.0,13.137881196022086,-0.1257237940585524,370.68335,365,373.0876647366802,378.7710143460552,398.0,395.73618,1.8752993020955169,1.3125142245053958,0.0207836455847603
0.0,139,4,1.0,1.26,4.0,7.0,6.777296,66.0,0.0,-0.08,0.0,0.0,0.8966130000000003,1.0,-0.0,-8.136643739309369,0.0,0.0,-17.414853856165617,1.033344931571272,426.40744,445,420.4818473360963,401.8892875216432,398.0,395.73618,1.87742140114582,1.3454794207898535,0.0219387699974019
0.0,139,5,1.0,1.08,4.0,7.0,8.62405,68.0,0.0,0.0999999999999998,0.0,0.0,-0.9501410000000003,-1.0,-0.0,10.975692633778548,0.0,0.0,16.283303574043632,-0.823698041672761,350.59598,330,356.43529816614944,377.03127594935256,398.0,395.73618,1.8802616525079263,1.3830285318390942,0.0234848070148255
0.0,139,8,1.0,1.16,4.0,7.0,9.173921,66.0,0.0,0.02,0.0,0.0,-1.500012,1.0,-0.0,1.5793344335172084,0.0,0.0,25.833746321072315,0.2602878739991958,369.63858,345,372.6733686285887,397.3119489508544,398.0,395.73618,1.8976157845831136,1.8028965583593528,0.0329312000177313
