domainId,instanceId,comparableId,feature0,feature1,feature2,feature3,feature4,feature5,delta_x0,delta_x1,delta_x2,delta_x3,delta_x4,delta_x5,delta_y0,delta_y1,delta_y2,delta_y3,delta_y4,delta_y5,pred,actual,last_adjusted,LIME_pred,subject_actual,subject_pred,kernel_width,distance,normalized_distance
0.0,0,7,2.5,2.811,3.0,9.0,20.833027,6.0,0.0,-0.1029999999999997,0.0,0.0,-1.1588589999999996,-5.0,-0.0,-12.017803279219953,0.0,0.0,6.966434951151604,-2.2096266266277143,440.906,455,447.739005045304,433.6450109046789,437.0,437.2564,1.9302046984814176,5.133572165839397,0.0506703578671402
0.0,1,2,2.5,2.2,3.0,9.0,22.588966,30.0,-0.5,-0.04,0.0,0.0,0.1383730000000014,0.0,1.11705436379442,-4.96283124002748,0.0,0.0,-1.5182690842613362,0.0,429.31342,424,418.6359540395056,423.9493695668493,381.5,416.35782,1.9522326025318848,0.5203336305957942,0.0626608300952801
0.0,1,7,2.5,2.63,3.0,9.0,21.506798,24.0,-0.5,-0.4699999999999997,0.0,0.0,1.2205410000000008,6.0,1.6330420384355764,-49.94338857991296,-0.0,0.0,-7.11326148226333,3.836874069457658,468.20477,475,423.4132660457169,416.61803899493566,381.5,416.35782,2.010349567468338,6.161219062221453,0.0942956988716206
0.0,2,1,2.5,1.95,3.0,8.0,20.827866,21.0,0.0,-0.0999999999999998,0.0,0.0,-1.4081019999999995,-3.0,0.0,-11.24358972711094,0.0,0.0,5.858737333613478,0.4623557631950467,322.8434,348,343.0775033696976,317.9209176763382,325.0,334.86987,1.911498903983408,3.315531818940062,0.040488213033032
0.0,3,5,2.5,2.04,3.0,8.0,19.98502,12.0,0.0,-0.1899999999999999,0.0,0.0,-0.565255999999998,6.0,0.0,-19.19996934015644,0.0,0.0,4.052923335892558,1.1616364036953026,339.72183,325,311.0145903994314,325.73642267482205,325.0,334.86987,1.939831693058572,6.029561704264747,0.0559106299717108
0.0,3,7,2.5,1.77,3.0,8.0,19.998592,27.0,0.0,0.08,0.0,0.0,-0.5788279999999979,-9.0,0.0,6.392366776631679,0.0,0.0,3.58448022750295,-1.370206080560716,306.1156,290,298.60664092357393,314.72224150951143,325.0,334.86987,1.9831748677051788,9.018949043740296,0.0795036659087159
0.0,3,0,1.0,1.44,4.0,6.0,6.24509,93.0,0.0,-0.2099999999999999,0.0,0.0,-0.4608980000000002,-2.0,-0.0,-10.612162197081467,0.0,0.0,12.1946682434209,-0.2595708473313242,416.96014,420,421.3229351990081,418.2830792419769,415.0,421.50497,1.8862857850874448,2.063135227367319,0.0267639294509801
0.0,3,2,1.0,1.45,4.0,6.0,6.1290665,92.0,0.0,-0.2199999999999999,0.0,0.0,-0.3448745000000004,-1.0,-0.0,-17.75343031875017,0.0,0.0,12.29287791639398,0.6524316991023823,417.66046,394,389.1918792967462,412.85234072252746,415.0,421.50497,1.877314502845384,1.080434366701768,0.0218805819328597
0.0,3,4,1.0,1.06,4.0,6.0,5.893905,83.0,0.0,0.1699999999999999,0.0,0.0,-0.1097130000000001,8.0,0.0,12.41127866726579,0.0,0.0,0.8724544074352825,2.356648589266393,363.64587,344,359.64038166396745,379.28625568740495,415.0,421.50497,1.9677164588455167,8.002558149889882,0.0710891739217181
0.0,3,5,1.0,1.4,4.0,6.0,4.734059,98.0,0.0,-0.1699999999999999,0.0,0.0,1.0501329999999998,-7.0,0.0,-13.260820717100945,0.0,0.0,-9.173794872349768,-2.245925430406305,434.24423,435,410.319458980143,409.5636911578774,415.0,421.50497,1.9590762965004425,7.080372823353937,0.0663860652461089
1.0,0,0,120.694,0.0,16.1,21.0,0.0,,-27.274,0.0,0.5999999999999979,1.0,0.0,,-0.0679562993640655,-0.0,0.0021682086454032,-0.0021941752309846,0.0,0.0,5.916465,6,5.932017734050353,5.84848253965338,3.8,3.987363,1.811941954904728,27.298920784529194,0.0804334353202215
1.0,0,8,58.733,0.0,18.9,19.0,0.0,,34.687000000000005,0.0,-2.1999999999999997,3.0,0.0,,0.0692911918650306,-0.0,-0.0072827073456032,0.0025386445910305,0.0,0.0,3.3042507,3,3.064547129110458,3.368797846273544,3.8,3.987363,1.96176447529322,34.885927950966135,0.1697703260266256
1.0,0,9,66.203,0.0,20.0,22.0,0.0,,27.217,0.0,-3.3000000000000007,0.0,0.0,,0.0734848538455399,-0.0,-0.0146020624643495,0.0,0.0,0.0,4.649587,5,5.058882791381191,4.708469945769618,3.8,3.987363,1.885495647138816,27.416328875325373,0.1242923835419599
1.0,1,1,4.189,0.0,15.0,8.0,0.0,,19.344,0.0,-1.0999999999999996,3.0,0.0,,0.0695974609446369,-0.0,-0.0014954054888617,0.0171818450339285,-0.0,0.0,0.22650842,0,0.0852839004897037,0.3117923241757313,2.9,2.9115953,1.9164672209170828,19.60613006179445,0.1427602620321877
1.0,1,4,46.204,0.0,13.9,10.0,0.0,,-22.671,0.0,0.0,1.0,0.0,,-0.0674572471171918,-0.0,0.0,0.0003642255115952,-0.0,0.0,4.7275147,5,4.932906978394404,4.660421722199335,2.9,2.9115953,1.793205960574121,22.69304389014396,0.0692614468004114
1.0,2,3,110.919,0.0,13.9,6.0,0.0,,-6.902999999999992,0.0,1.6999999999999993,-2.0,0.0,,-0.0605267193139042,-0.0,0.0026831012151403,-0.0351667783523563,0.0,0.0,4.462372,4,3.90698960354888,4.369361429720755,4.4,4.6035995,1.85148771121668,7.385215568959371,0.1040139684762655
1.0,2,4,141.461,0.0,16.1,2.0,0.0,,-37.44500000000001,0.0,-0.5000000000000018,2.0,0.0,,-0.0648845999718568,-0.0,-0.0029274922988495,-0.0016395120801067,0.0,0.0,6.083944,6,5.930548395649187,6.01449223949074,4.4,4.6035995,1.887516990541674,37.50170696115045,0.1254976798765361
1.0,2,6,117.814,0.0,15.0,8.0,0.0,,-13.797999999999988,0.0,0.5999999999999996,-4.0,0.0,,-0.0589706911667184,-0.0,0.0064520560427966,-0.0147407877450062,0.0,0.0,4.448895,4,3.932740577131072,4.381635554700652,4.4,4.6035995,1.9756163433997789,14.37862316078976,0.1780299843470594
1.0,2,7,123.612,0.0,15.0,8.0,0.0,,-19.59599999999999,0.0,0.5999999999999996,-4.0,0.0,,-0.070923220591489,-0.0,0.0038656536789754,-0.0064740334857966,-0.0,0.0,5.5299563,6,5.926468399601689,5.456424740391484,4.4,4.6035995,1.9807300817494096,20.009078339593746,0.1810792287654388
1.0,3,0,58.733,0.0,18.9,19.0,0.0,,27.732000000000006,0.0,-0.5999999999999979,-1.0,1.0,,0.0742952982135737,-0.0,-0.0016399591948535,0.0011544556804009,0.0977826593904183,0.0,3.3042507,3,3.1715924540895397,3.475843171252625,4.9,4.945504,3.0,27.774517529562964,1.0033005608851977
1.0,3,3,40.835,0.0,18.9,19.0,1.0,,45.63,0.0,-0.5999999999999979,-1.0,0.0,,0.0718048022681221,-0.0,-0.0002933626273382,0.0012148112717723,0.0,0.0,2.2374895,2,2.0727262509125564,2.31021571281136,4.9,4.945504,1.8757506932026733,45.64490004370697,0.118481615691608
1.0,3,4,44.182,0.0,19.4,20.0,1.0,,42.283,0.0,-1.099999999999998,-2.0,0.0,,0.077901445119496,-0.0,-0.0010801465211472,0.0004477161500944,0.0,0.0,4.206069,4,4.077269014748444,4.28333800736319,4.9,4.945504,1.9077517713709649,42.3445638659793,0.1375633719949639
1.0,3,7,141.461,0.0,19.4,21.0,1.0,,-54.99600000000001,0.0,-1.099999999999998,-3.0,0.0,,-0.072025957815859,-0.0,-0.0041674273070159,0.0024573721133891,0.0,0.0,6.1290107,6,5.926263986990514,6.05527466432816,4.9,4.945504,1.992451161709201,55.08874672743973,0.1880683305147196
1.0,4,1,124.197,1.0,23.9,19.0,1.0,,-8.076000000000008,-1.0,-0.5999999999999979,0.0,0.0,,-0.0644484897390253,0.0581189088971814,0.0012195090716196,-0.0,-0.0,0.0,4.411338,4,3.994889928229776,4.406227780707804,6.3,5.952812,1.8052451388811956,8.15976568291027,0.0764402257571736
1.0,4,5,154.706,0.0,23.9,22.0,1.0,,-38.585,0.0,-0.5999999999999979,-3.0,0.0,,-0.0731057435751121,-0.0,-0.0023748739499224,0.0056941679109477,0.0,0.0,6.936898,7,6.930213550385913,6.867111781892261,6.3,5.952812,1.946453341910629,38.70610061734454,0.1606405300116815
1.0,4,7,66.203,0.0,21.1,21.0,1.0,,49.91799999999999,0.0,2.1999999999999997,-2.0,0.0,,0.0786908660950158,-0.0,0.0036873764589147,0.0003565457114352,0.0,0.0,4.8358526,5,5.082734788265366,4.918587411251206,6.3,5.952812,1.9508676016925093,50.00646682180215,0.1632726859963824
1.0,4,8,86.465,0.0,19.4,20.0,1.0,,29.65599999999999,0.0,3.900000000000002,-1.0,0.0,,0.0674154723222046,-0.0,0.0104186934534767,0.0006954924907576,0.0,0.0,5.1179843,5,5.078529658266439,5.196513953157797,6.3,5.952812,1.9291107173143447,29.92805265967032,0.150299386676868
1.0,5,0,41.297,0.0,21.1,21.0,0.0,,-22.823,0.0,1.099999999999998,1.0,0.0,,-0.0728672066319206,-0.0,-2.790094748355337e-05,-0.0016691906422095,0.0,0.0,4.0144014,4,3.9254357017783854,3.939837137630437,2.0,2.1983716,1.8078961878869384,22.87136482591277,0.0780210059674472
1.0,5,2,2.01,0.0,20.0,22.0,0.0,,16.464,0.0,2.1999999999999997,0.0,0.0,,0.0732738117858033,-0.0,0.0337242719937962,-0.0,0.0,0.0,0.4610978,0,0.1069980837795996,0.568095890471723,2.0,2.1983716,1.8126443286860845,16.61033702246887,0.0808522501257485
1.0,5,9,18.474,0.0,20.0,19.0,0.0,,0.0,0.0,2.1999999999999997,3.0,0.0,,0.0,-0.0,0.0218056243503058,-0.0887602461288994,0.0,0.0,2.134919,2,1.9330453782214063,2.067964306367769,2.0,2.1983716,1.9258957187474728,3.7202150475476543,0.1483823319187104
1.0,6,1,46.204,0.0,10.6,11.0,0.0,,4.8160000000000025,0.0,-2.299999999999999,0.0,0.0,,0.0551259560015709,-0.0,-0.0340161891008278,0.0,0.0,0.0,4.7944875,5,5.021109766900743,4.81559724324962,4.0,3.2569163,1.802555733474136,5.337026887696934,0.0748365742080428
1.0,6,4,40.706,0.0,11.1,11.0,0.0,,10.314,0.0,-2.799999999999999,0.0,0.0,,0.06052961577518,-0.0,-0.0768699349735118,-0.0,0.0,0.0,3.4966233,4,3.983659680801668,3.480282958465853,4.0,3.2569163,1.833542527126602,10.687310045095538,0.0933135280778223
1.0,208,1,182.943,0.0,13.3,12.0,1.0,,-5.662000000000006,0.0,1.6999999999999993,-1.0,0.0,,-0.0309626785287631,-0.0,0.0157790656381381,-0.0166612388900453,-0.0,0.0,6.3967967,6,5.96815514821933,6.364951851557953,5.9,5.7816243,1.7963415512303678,5.995685448720611,0.0711311518289394
1.0,208,6,182.943,0.0,15.0,11.0,0.0,,-5.662000000000006,0.0,0.0,0.0,1.0,,-0.0286381805662391,-0.0,0.0,0.0,-0.0752437486221492,0.0,6.602866,7,6.896118070811611,6.4989842436021386,5.9,5.7816243,3.0,5.749629901132774,1.0000906488255352
1.0,208,9,148.032,0.0,16.1,8.0,1.0,,29.248999999999995,0.0,-1.1000000000000014,3.0,0.0,,0.0728036052753414,-0.0,-0.0019910550025355,-0.0086726897977086,-0.0,0.0,4.6014585,5,5.062139860475098,4.663598409974609,5.9,5.7816243,1.9319548375789348,29.423018217035445,0.1519952923429501
1.0,209,3,189.425,9.0,16.1,9.0,1.0,,-22.911,0.0,-5.500000000000002,-3.0,0.0,,-0.0536099914071078,-0.0,-0.0589996753303127,0.0011367984177659,-0.0,0.0,4.9416695,5,4.888527131680346,4.830196595791674,3.7,4.202047,2.056737012106529,23.75213508297728,0.2264010055760019
1.0,209,5,189.425,9.0,6.1,8.0,0.0,,-22.911,0.0,4.5,-2.0,1.0,,-0.0577653920996943,-0.0,0.0231046859598856,0.0007185695673281,-0.0959561908146731,0.0,5.060898,5,4.870101672612846,4.930999499761284,3.7,4.202047,3.0,23.455573346222003,1.0156114429931509
1.0,210,9,33.167,13.0,25.6,18.0,0.0,,0.0,0.0,-7.300000000000001,-3.0,0.0,,0.0,0.0,-0.0561136419583202,0.0130947737897944,-0.0,0.0,4.3114715,4,3.956981131831474,4.26845259408123,4.3,4.173319,2.12739413548111,7.892401408950258,0.2685327738320425
1.0,211,0,8.516,0.0,8.9,3.0,1.0,,9.958,0.0,-1.7000000000000002,0.0,-1.0,,0.0569029452264302,-0.0,-0.0107697175605952,0.0,0.2775246498078095,0.0,0.024648229,0,0.3236578774736445,0.3483061061338703,1.6,1.8856568,3.0,10.151441473997671,1.00177282181742
1.0,211,2,14.524,0.0,7.2,8.0,0.0,,3.950000000000001,0.0,0.0,-5.0,0.0,,0.0351136490033995,-0.0,0.0,-0.3057991148755103,0.0,0.0,3.0330186,3,2.729314534127889,2.7623331231476644,1.6,1.8856568,2.041967486570751,6.372009102316161,0.2175941620844234
1.0,211,4,6.564,0.0,10.0,8.0,0.0,,11.91,0.0,-2.8,-5.0,0.0,,0.0549670105619962,-0.0,-0.062033576727104,-0.0147708910528201,0.0,0.0,0.1429466,0,-0.0218374572179279,0.1211091436960735,1.6,1.8856568,2.0745049616902,13.21696258601045,0.2369957637333021
1.0,212,3,113.589,0.0,12.2,10.0,0.0,,0.0,0.0,-1.5999999999999996,-3.0,0.0,,0.0,-0.0,-0.0369046498482835,-0.1265384627497448,0.0,0.0,4.4904675,4,3.836556887401972,4.327024435772333,4.7,4.324474,1.9121973380088464,3.4,0.1402141957818459
1.0,212,4,123.612,0.0,13.3,9.0,0.0,,-10.022999999999996,0.0,-2.700000000000001,-2.0,0.0,,-0.0613281919158356,-0.0,-0.0737371371467811,-0.02053568303077,-0.0,0.0,5.5717072,6,5.844398987906613,5.4161062365943575,4.7,4.324474,1.886962140102163,10.571212276744795,0.1251668309965114
1.0,212,9,128.126,0.0,11.1,9.0,0.0,,-14.537000000000006,0.0,-0.5,-2.0,0.0,,-0.0640688050861318,-0.0,-0.0052704269640912,-0.0100609062841847,-0.0,0.0,6.302766,6,5.920599861665592,6.223365707918034,4.7,4.324474,1.8362830673789363,14.682451055596957,0.0949476705576343
1.0,213,8,23.533,0.0,18.9,23.0,0.0,,17.763999999999996,0.0,1.7000000000000028,-1.0,0.0,,0.0665118360057929,-0.0,0.0096934540802134,0.0038266193615587,0.0,0.0,2.3827674,2,2.080031909447565,2.462799348336115,4.0,3.8237948,1.813943831681725,17.873155737026405,0.0816271240018063
1.0,213,9,2.01,0.0,20.0,22.0,0.0,,39.287,0.0,0.6000000000000014,0.0,0.0,,0.0753693470727918,-0.0,0.0027963803774324,-0.0,-0.0,0.0,0.4610978,0,0.0781657274502242,0.5392635341423476,4.0,3.8237948,1.8370429877236345,39.29158140110932,0.0954007995038288
1.0,214,2,120.694,0.0,20.6,20.0,0.0,,-9.775000000000006,0.0,-0.6000000000000014,-3.0,0.0,,-0.0641678887124174,-0.0,-0.0028930875598734,0.0292376549063434,-0.0,0.0,5.959658,6,5.962176678634052,5.9218348245385934,4.7,4.56121,1.9015869111733812,10.242588784091652,0.1338873596020093
1.0,214,5,154.706,0.0,18.9,18.0,0.0,,-43.78699999999999,0.0,1.1000000000000014,-1.0,0.0,,-0.0631316696985485,-0.0,0.0024300475271642,-0.0004788761952369,-0.0,0.0,6.9828105,7,6.938819501633379,6.9216299989173145,4.7,4.56121,1.8753739165668064,43.81222853268251,0.118256949512906
1.0,215,1,4.189,0.0,7.8,7.0,0.0,,17.677,0.0,-2.2,0.0,0.0,,0.0683236748016567,-0.0,0.0061203595186991,-0.0,0.0,0.0,0.166315,0,0.0744440343203558,0.2407590385499014,3.5,3.2568824,1.81505198548012,17.81337500307002,0.0822878992612026
1.0,215,5,7.9,0.0,7.2,14.0,0.0,,13.966,0.0,-1.6000000000000003,-7.0,0.0,,0.0549981544058442,-0.0,-0.0126695951198085,-0.0028595845644573,-0.0,0.0,1.8709639,2,2.0394689747215784,1.9104329058052576,3.5,3.2568824,2.197686837474973,15.703794318571546,0.3104472431601522
1.0,215,6,14.542,0.0,5.0,6.0,0.0,,7.324,0.0,0.5999999999999996,1.0,0.0,,0.0551411737418195,-0.0,0.0153079297927185,0.0121500364314894,-0.0,0.0,1.8682764,2,2.082599139966028,1.9508754976167844,3.5,3.2568824,1.7620020347222265,7.41626428871032,0.0506550203018246
1.0,216,0,222.434,0.0,17.2,0.0,1.0,,38.65700000000001,1.0,0.6000000000000014,1.0,-1.0,,0.0708028039637187,-0.0167186996496996,0.002854038345976,0.0007401281711458,0.0332995394914435,0.0,5.0381365,5,5.090977810322585,5.129114292561354,5.2,5.1768274,3.0,38.70043473916024,1.0078769766532407
1.0,216,2,261.091,1.0,18.9,3.0,1.0,,0.0,0.0,-1.099999999999998,-2.0,-1.0,,-0.0,-0.0,-0.0273037171022718,-0.0281969549327549,0.0080343301119024,0.0,5.283871,5,4.952533658076876,5.236404831935518,5.2,5.1768274,3.0,2.4919871588754217,1.0043965639381849
1.0,216,9,270.413,0.0,16.1,8.0,0.0,,-9.322000000000005,1.0,1.6999999999999993,-7.0,0.0,,-0.0352098986055944,-0.0604531948995197,0.0179948288562444,-0.0717594222463068,-0.0,0.0,5.642599,6,5.850572313104824,5.493171418939784,5.2,5.1768274,2.210577489019039,11.823268752760384,0.3181337426606307
1.0,217,2,46.204,0.0,12.2,13.0,1.0,,-31.662,0.0,1.700000000000001,-1.0,0.0,,-0.0705529312784329,-0.0,0.0010220675815685,0.001254809320051,0.0,0.0,4.5898504,5,4.931723945623187,4.521574371343402,2.0,1.9227452,1.849289000756993,31.723370627977097,0.1027029108627459
1.0,217,7,41.297,0.0,11.1,7.0,1.0,,-26.754999999999995,0.0,2.8000000000000007,5.0,0.0,,-0.066787874063074,-0.0,-0.0010729412094233,-0.0201672088527437,0.0,0.0,3.9400017,4,3.911971975874759,3.8519737020252713,2.0,1.9227452,2.085829039068728,27.361835190644648,0.2437481388801972
1.0,218,3,120.694,0.0,5.0,6.0,0.0,,0.0,0.0,-2.8,5.0,1.0,,0.0,-0.0,-0.097959360809723,-0.0020326105631466,-0.2747774149757158,0.0,5.900562,6,5.625230613651414,5.525792423191209,6.0,5.4188766,3.0,5.817215828899595,1.0273094801574163
1.0,218,6,14.15,0.0,5.6,15.0,1.0,,106.544,0.0,-3.3999999999999995,-4.0,0.0,,0.0722169239247102,-0.0,-0.0035354860651158,0.0023739815559808,0.0,0.0,1.2646968,1,1.0710554194155752,1.3357522558871329,6.0,5.4188766,2.2240805540028536,106.67325782969225,0.3261854149828728
1.0,218,7,23.815,0.0,6.7,15.0,1.0,,96.879,0.0,-4.5,-4.0,0.0,,0.0724605088728022,-0.0,-0.0005079448688651,-0.0010093402627873,-0.0,0.0,2.4906523,2,2.07094322374115,2.561595546510315,6.0,5.4188766,2.218565311086816,97.06590874761336,0.3228967594968233
1.0,219,1,117.814,0.0,15.0,8.0,0.0,,10.312000000000012,0.0,-0.5999999999999996,1.0,0.0,,0.061130998450236,-0.0,-0.0088583216155732,0.0107394530445754,-0.0,0.0,4.448895,4,4.063012129879239,4.511907107448819,6.3,6.420746,1.7667999480603311,10.377733085794809,0.0535159430682661
1.0,219,2,123.612,0.0,13.3,9.0,0.0,,4.51400000000001,0.0,1.0999999999999996,0.0,0.0,,0.0489426605948752,-0.0,0.0202683582786941,0.0,-0.0,0.0,5.5717072,6,6.0692110188735695,5.640918267561314,6.3,6.420746,1.7390397161582476,4.64609470415747,0.0369629389071415
1.0,220,4,41.297,0.0,15.6,7.0,0.0,,33.931,0.0,-1.1999999999999993,-1.0,0.0,,0.0691723785169411,-0.0,-0.0055603142170941,0.0011819941659294,-0.0,0.0,3.9434419,4,4.064794058465776,4.008235926294145,4.8,4.061578,1.8438348939156788,33.96693629104632,0.0994507098884189
1.0,220,8,86.465,0.0,15.0,4.0,0.0,,-11.237000000000007,0.0,-0.5999999999999996,2.0,0.0,,-0.066845881739036,-0.0,-0.0086742416122616,0.0083330096317393,-0.0,0.0,4.8437014,5,4.932812886280442,4.776514248890305,4.8,4.061578,1.8330055803412404,11.429355581134056,0.0929933548745241
1.0,220,9,47.954,0.0,13.9,6.0,0.0,,27.273999999999997,0.0,0.5,0.0,0.0,,0.0700275166429951,-0.0,0.0029871024980491,-0.0,0.0,0.0,3.5710177,4,4.073014619141044,3.6440323612980263,4.8,4.061578,1.7891182655440994,27.278582734445717,0.0668240164115002
1.0,221,1,261.091,1.0,19.4,0.0,0.0,,-23.02600000000001,0.0,-2.1999999999999997,3.0,0.0,,-0.0576716687394479,-0.0,-0.0110910320661234,0.0016809554162369,0.0,0.0,5.324055,5,4.932918254610666,5.256973449465402,5.7,5.485894,1.9423000779632384,23.324593801393423,0.1581640018743844
1.0,221,2,238.065,1.0,12.8,1.0,0.0,,0.0,0.0,4.399999999999999,2.0,0.0,,0.0,-0.0,0.064178689130613,0.0444594684529874,-0.0,0.0,5.4446015,5,5.1086381575836,5.55323969338072,5.7,5.485894,1.9555514043931224,4.833218389437827,0.166065566324854
1.0,221,3,261.091,1.0,18.9,3.0,1.0,,-23.02600000000001,0.0,-1.6999999999999993,0.0,-1.0,,-0.059990385533089,-0.0,-0.0141592796209148,0.0,0.0412078749112523,0.0,5.283871,5,4.967058209757249,5.250929383615891,5.7,5.485894,3.0,23.11031535916376,1.0029887889639024
1.0,222,2,306.14,8.0,17.2,21.0,0.0,,0.0,0.0,2.8000000000000007,2.0,0.0,,-0.0,-0.0,-0.0188809997312527,-0.0944959009209222,0.0,0.0,3.9237673,4,3.886623099347825,3.810390427610154,3.8,3.683027,1.886965422088956,3.440930106817051,0.1251687879953304
1.0,222,3,306.14,8.0,16.1,19.0,1.0,,0.0,0.0,3.899999999999999,4.0,-1.0,,-0.0,-0.0,0.0722889798412001,-0.1055753805285695,-0.1242213595758517,0.0,3.7954981,4,3.842492239736779,3.6379903724424674,3.8,3.683027,3.0,5.675385449465083,1.0227274273011917
1.0,222,7,306.14,8.0,17.2,8.0,1.0,,0.0,0.0,2.8000000000000007,15.0,-1.0,,0.0,-0.0,0.0239432515691835,-0.045207665096457,0.0590495057300257,0.0,3.6504302,4,4.0377850922027525,3.688215294686883,3.8,3.683027,3.0,15.29182788289222,1.197262127384682
1.0,223,4,185.2,4.0,18.9,9.0,0.0,,0.0,0.0,2.8000000000000007,13.0,0.0,,0.0,-0.0,0.0277499037101044,-0.0519699059726886,0.0,0.0,5.548794,6,5.975779997737416,5.524573790462025,5.0,5.16663,2.636899342605602,13.298120167903432,0.5723429813041689
1.0,223,6,185.2,4.0,16.1,1.0,0.0,,0.0,0.0,5.599999999999998,21.0,0.0,,0.0,-0.0,0.0663024455626463,0.0927885163291001,0.0,0.0,4.852861,5,5.159090961891747,5.011951889473534,5.0,5.16663,3.0,21.73384457476403,0.9306296516099812
1.0,224,4,93.42,0.0,18.9,5.0,1.0,,-49.238,0.0,-1.099999999999998,3.0,0.0,,-0.0749695689981292,-0.0,-0.0016916714745267,0.0021947224764785,0.0,0.0,3.7250552,4,3.9255334820038223,3.6505886997467423,4.1,4.176892,1.9769355252081735,49.341571154554856,0.1788165923999267
1.0,224,5,14.524,0.0,16.7,3.0,1.0,,29.658,0.0,1.1000000000000014,5.0,0.0,,0.0707144658255499,-0.0,0.0046924964626523,0.0064855358041092,0.0,0.0,1.6123595,2,2.081892498092312,1.6942520218655048,4.1,4.176892,2.0648980709141846,30.096627119994693,0.2312673208459462
1.0,225,9,98.539,8.0,15.6,6.0,0.0,,0.0,0.0,3.299999999999999,11.0,0.0,,0.0,-0.0,0.0407298118070218,0.0302019810599222,-0.0,0.0,3.3384638,3,3.070931792866944,3.409395576131104,3.3,3.5393028,2.498622235630996,11.484337159801605,0.489890445056908
1.0,226,3,141.461,0.0,14.4,13.0,0.0,,-37.44500000000001,0.0,0.5999999999999996,1.0,0.0,,-0.0774564892750294,-0.0,0.0014730745449708,-0.0004872005516589,0.0,0.0,6.344867,6,5.923529384718282,6.268396614179952,5.1,4.918673,1.8463610481361823,37.46315556650295,0.1009570172374039
1.0,226,4,56.637,0.0,15.0,15.0,0.0,,47.379000000000005,0.0,0.0,-1.0,0.0,,0.0733115131474965,-0.0,0.0,0.0011892760289061,0.0,0.0,4.9728637,5,5.074500789176403,5.047364463340221,5.1,4.918673,1.8795904705020576,47.38955202362648,0.1207712165075771
1.0,227,1,14.542,0.0,13.9,9.0,1.0,,41.801,0.0,0.5,3.0,0.0,,0.0747392226658231,-0.0,0.0011156309914819,0.0030090516393285,0.0,0.0,1.7253418,2,2.078863905296634,1.8042057021716336,3.0,4.0512834,1.9534019257483768,41.91149724121056,0.1647838648939642
1.0,227,2,4.0,0.0,12.8,13.0,1.0,,52.343,0.0,1.5999999999999996,-1.0,0.0,,0.0812218064887746,-0.0,0.0042979501944404,0.0010499431184201,0.0,0.0,0.22145586,0,0.0865696998016352,0.3080255569593425,3.0,4.0512834,1.9144118702865427,52.37699541783587,0.1415346877048584
1.0,227,7,49.388,0.0,12.2,12.0,1.0,,6.955000000000005,0.0,2.200000000000001,0.0,0.0,,0.0648494062057079,-0.0,0.0345904295998123,0.0,-0.0,0.0,2.9725358,3,3.09943983580552,3.071975684423074,3.0,4.0512834,1.7988844676733855,7.29465729147025,0.0726474542363233
1.0,227,8,56.637,0.0,12.2,13.0,1.0,,-0.2939999999999969,0.0,2.200000000000001,-1.0,0.0,,-0.0067734314033678,-0.0,0.025420508606138,-0.0129322552693778,-0.0,0.0,4.730178,5,5.005714821933393,4.735892701266889,3.0,4.0512834,1.816306130334311,2.434427242700016,0.0830357267672299
1.0,228,4,150.887,0.0,20.0,1.0,0.0,,42.315,0.0,3.899999999999999,-1.0,0.0,,0.0632929959067108,-0.0,0.0096488939111511,-0.0017608904460916,-0.0,0.0,4.1685667,4,4.07118099937177,4.239747703168157,4.4,4.4540877,1.9563821220050852,42.50610809048506,0.1665609106049754
1.0,228,9,206.054,0.0,17.2,0.0,0.0,,-12.852000000000004,0.0,6.699999999999999,0.0,0.0,,-0.0552618086412239,-0.0,0.0692849964218173,0.0,-0.0,0.0,6.2397923,6,6.014023187780594,6.253815534734939,4.4,4.4540877,2.0419627405592355,14.49358147594997,0.2175913321099245
1.0,229,6,23.815,0.0,13.9,11.0,0.0,,-16.693,0.0,1.6999999999999993,1.0,0.0,,-0.073045609551815,-0.0,0.0060758375990964,-0.0026986538033489,-0.0,0.0,2.9906025,3,2.9303315742439326,2.920934067530065,1.5,1.6665665,1.8117827936924316,16.809112082439096,0.0803385299095342
1.0,229,7,23.533,0.0,16.1,9.0,0.0,,-16.411,0.0,-0.5000000000000018,3.0,0.0,,-0.0737455104478331,-0.0,-0.0032378587124579,-0.0117663919721976,0.0,0.0,2.8148036,3,2.9112502388675114,2.7260538391787907,1.5,1.6665665,1.906965170248277,16.69044400248238,0.1370943337065616
1.0,229,8,44.182,0.0,14.4,10.0,0.0,,-37.06,0.0,1.1999999999999993,2.0,0.0,,-0.0753424781868566,-0.0,0.0029711268477416,-0.0027405538597503,0.0,0.0,4.45094,4,3.924888094801135,4.375828226942248,1.5,1.6665665,1.8945366642097567,37.13332196289473,0.1296834045436556
1.0,230,3,120.694,0.0,5.0,6.0,0.0,,-34.60300000000001,0.0,1.0999999999999996,4.0,0.0,,-0.0703281043136692,-0.0,0.0040829231669439,-0.0037749187533183,-0.0,0.0,5.900562,6,5.929979900099957,5.830541709639752,5.6,5.4672384,2.0051213259101552,34.85079065100246,0.1956233567652313
1.0,230,6,14.524,0.0,7.2,8.0,0.0,,71.567,0.0,-1.1000000000000003,2.0,0.0,,0.0736082126773053,-0.0,-0.0019181914233407,-0.0005827282287774,0.0,0.0,3.0330186,3,3.0711072930251877,3.104125882044962,5.6,5.4672384,2.003016692206425,71.60339020605099,0.1943683956907573
1.0,230,8,153.7,0.0,7.2,7.0,0.0,,-67.609,0.0,-1.1000000000000003,3.0,0.0,,-0.0704502343646493,-0.0,-0.0022317519305392,0.0003497430372334,-0.0,0.0,6.660003,7,6.927667756742045,6.587670942014261,5.6,5.4672384,2.0292934961137736,67.68446558110656,0.2100368542956273
1.0,230,9,77.055,0.0,5.0,13.0,0.0,,9.035999999999987,0.0,1.0999999999999996,-3.0,0.0,,0.0607419302338386,-0.0,0.0263440071937954,0.0134359566196953,-0.0,0.0,4.6413183,5,5.100521894047329,4.7418402152753565,5.6,5.4672384,1.9065437665955072,9.584325537042226,0.1368430571162789
1.0,231,1,113.589,0.0,20.0,0.0,0.0,,0.0,0.0,-0.6000000000000014,2.0,0.0,,0.0,-0.0,-0.0089471315290164,0.020318930802119,-0.0,0.0,3.880183,4,4.011371799273102,3.891554780764192,3.9,3.8497636,1.826427574489598,2.0880613017821106,0.0890709900103469
1.0,231,5,154.706,0.0,17.2,2.0,0.0,,-41.11699999999999,0.0,2.1999999999999997,0.0,0.0,,-0.0700051873443189,-0.0,0.0036609366450084,-0.0,0.0,0.0,6.8600607,7,6.93365574930069,6.793716441134186,3.9,3.8497636,1.8794491550737085,41.17581436960293,0.1206869522664947
1.0,231,8,141.461,0.0,16.1,2.0,0.0,,-27.87200000000001,0.0,3.299999999999997,0.0,0.0,,-0.0716755889655334,-0.0,0.0008669189926725,-0.0,0.0,0.0,6.083944,6,5.929191330027139,6.013135173868692,3.9,3.8497636,1.8868678645112644,28.066677466347898,0.1251106158952133
1.0,231,9,86.465,0.0,22.8,2.0,0.0,,27.123999999999995,0.0,-3.400000000000002,0.0,0.0,,0.0672782346304066,-0.0,-0.0212663600863656,0.0,0.0,0.0,4.9841404,5,5.046011874544041,5.030152270662205,3.9,3.8497636,1.8899290029102167,27.336264850926504,0.1269359261748381
1.0,232,0,185.2,4.0,14.4,7.0,1.0,,-162.188,0.0,-5.0,10.0,-1.0,,-0.0696219097788675,-0.0,-0.0035362417761356,-0.0035325550677771,-0.0052035892908698,0.0,5.137514,5,4.91810570408635,5.055619818466233,1.9,2.4178088,3.0,162.57597406751097,1.1677548854541242
1.0,232,4,71.994,4.0,15.6,3.0,0.0,,-48.982,0.0,-6.199999999999999,14.0,0.0,,-0.0654192882981936,-0.0,-0.0119896569097341,-0.0005747913617708,-0.0,0.0,3.4651942,3,2.9220162634303013,3.3872104887415806,1.9,2.4178088,2.768838855676807,51.31935623134803,0.6510165066762852
1.0,232,6,185.2,4.0,18.9,9.0,0.0,,-162.188,0.0,-9.499999999999998,8.0,0.0,,-0.0676320734796668,-0.0,-0.0159414894965038,-0.0025807940724139,-0.0,0.0,5.548794,6,5.913845642951415,5.462639435676024,1.9,2.4178088,2.687549872431094,162.66283332095256,0.6025451220471502
1.0,233,4,7.122,0.0,15.6,2.0,0.0,,0.0,0.0,0.5000000000000018,3.0,0.0,,0.0,0.0,-0.0089963781052848,0.0486335492860439,-0.0,0.0,1.5182221,2,2.039637171180759,1.5578592647629124,1.5,1.3943332,1.8974521594668752,3.04138126514911,0.1314218700324543
1.0,233,5,4.0,0.0,17.8,3.0,0.0,,3.122,0.0,-1.6999999999999993,2.0,0.0,,0.0329942912409373,0.0,0.0377635159867037,0.0437987708792499,0.0,0.0,0.16988954,0,0.1145565781068909,0.2844461175871003,1.5,1.3943332,1.849750889373948,4.078833656819066,0.1029783280215574
1.0,234,1,77.055,0.0,13.3,20.0,1.0,,32.53299999999999,0.0,2.299999999999999,-2.0,0.0,,0.0714984557897019,-0.0,0.0045599485019361,0.0016617191756338,0.0,0.0,4.359186,4,4.077720123467272,4.436906295952624,6.1,5.800236,1.908317170441982,32.67546616346887,0.137900510863553
1.0,234,3,177.281,0.0,14.4,17.0,1.0,,-67.69300000000001,0.0,1.1999999999999993,1.0,0.0,,-0.0707060315826034,-0.0,0.0033029060825539,-0.00021232299145,0.0,0.0,5.9575305,6,5.9323845515085,5.889915050013139,6.1,5.800236,1.964089814762793,67.7110201444344,0.1711568905932198
1.0,234,6,68.146,0.0,19.4,17.0,1.0,,41.44199999999999,0.0,-3.799999999999999,1.0,0.0,,0.0708211462579467,-0.0,-0.0109337187275978,-0.0004616342239463,-0.0,0.0,5.312852,5,5.059425793306403,5.372277699129157,6.1,5.800236,1.950224531525687,41.62786763695685,0.1628892330344314
1.0,234,9,40.835,0.0,18.9,19.0,1.0,,68.75299999999999,0.0,-3.299999999999999,-1.0,0.0,,0.0726133254977037,-0.0,-0.0016775807217611,0.0011244333467953,0.0,0.0,2.2374895,2,2.072060178122738,2.3095496400215416,6.1,5.800236,2.0119703852880275,68.83941464742418,0.1997073467254593
1.0,235,0,123.612,0.0,20.6,20.0,0.0,,17.849000000000018,0.0,-0.6000000000000014,3.0,1.0,,0.0625252636580546,-0.0,-0.0039278339842255,0.0016230109578011,-0.1086175208439725,0.0,5.502396,5,4.951602919787658,5.453999026507629,6.2,5.936235,3.0,18.13689061002466,1.00954802234458
1.0,235,7,86.465,0.0,19.4,20.0,1.0,,54.99600000000001,0.0,0.6000000000000014,3.0,0.0,,0.069246552304589,-0.0,0.0015175504442757,-0.0001282397950069,0.0,0.0,5.1179843,5,5.070635862953858,5.188620157845215,6.2,5.936235,1.988508205798893,55.081031362892986,0.1857172058619909
1.0,236,0,193.202,0.0,16.1,8.0,0.0,,12.852000000000004,0.0,-0.5000000000000018,-2.0,1.0,,0.0528314584735369,-0.0,-0.0091562209433378,-0.0074346713000564,-0.2779570516172165,0.0,5.3190837,5,4.758283514612926,5.077367205256237,6.2,6.029491,3.0,13.05465066556743,1.004367490271297
1.0,236,5,193.202,0.0,18.9,1.0,1.0,,12.852000000000004,0.0,-3.299999999999999,5.0,0.0,,0.0546969837014801,-0.0,-0.03339249427468,0.0301626312768954,-0.0,0.0,4.3894296,4,4.051467120703696,4.44089668994808,6.2,6.029491,2.0859637194420064,14.179700419966569,0.2438284467388335
1.0,236,7,206.054,0.0,16.1,6.0,0.0,,0.0,0.0,-0.5000000000000018,0.0,1.0,,0.0,-0.0,-0.02849976541347,0.0,-0.0969674733174382,0.0,6.18505,6,5.874532761269092,6.059582771950244,6.2,6.029491,3.0,1.1180339887498956,1.000129229354212
1.0,237,0,18.474,0.0,20.0,19.0,0.0,,3.3919999999999995,0.0,1.1000000000000014,-1.0,1.0,,0.0452754787643638,-0.0,-0.0045698817372329,0.01659251502454,-0.0391453860878411,0.0,2.134919,2,2.0181527259638297,2.153071654110192,2.6,2.4450421,3.0,3.83610010296916,1.0016019421892626
1.0,237,7,43.91,0.0,20.6,22.0,1.0,,-22.044,0.0,0.5,-4.0,0.0,,-0.0673783740008859,-0.0,0.0030400230006247,0.0110284302706993,0.0,0.0,3.9042733,4,3.946690079270438,3.850963350831107,2.6,2.4450421,1.9828655004930276,22.40955010704141,0.1823525464910804
1.0,238,1,270.413,0.0,16.1,8.0,0.0,,0.0,0.0,0.5999999999999979,-2.0,1.0,,-0.0,-0.0,0.0196299645918811,-0.1744755581952082,-0.1126029219189796,0.0,5.642599,6,5.7325514844776935,5.375150590312654,5.1,5.258528,3.0,2.3151673805580444,1.0039589838541332
1.0,238,2,222.434,0.0,17.2,0.0,1.0,,47.97900000000001,0.0,-0.5,6.0,0.0,,0.0694090522658067,-0.0,-0.0016641105750172,0.0002773027018773,0.0,0.0,5.0381365,5,5.068022244392667,5.1061587266314366,5.1,5.258528,2.1553202618645546,48.355293826012485,0.2851846983498111
1.0,238,5,270.413,0.0,15.0,10.0,0.0,,0.0,0.0,1.6999999999999993,-4.0,1.0,,-0.0,-0.0,0.031718168205146,-0.1325279269248304,-0.202249143586548,0.0,5.7572775,6,5.696941097693768,5.454218586402264,5.1,5.258528,3.0,4.459820624195551,1.0164810487244025
1.0,238,7,193.202,0.0,18.9,1.0,1.0,,77.21100000000001,0.0,-2.1999999999999997,5.0,0.0,,0.0731864921276164,-0.0,-0.0064757699090365,-0.0002490332744882,-0.0,0.0,4.3894296,4,4.066461688944091,4.455891258188476,5.1,5.258528,2.1687977686724427,77.40399551056781,0.2932211307203853
1.0,239,0,51.02,0.0,16.1,2.0,1.0,,24.20799999999999,0.0,1.6999999999999993,-2.0,0.0,,0.0699720205000726,-0.0,0.0159371490774053,-0.0008850974553731,-0.0,0.0,2.7573268,3,3.085024072122105,2.842350913476475,3.6,3.842463,1.8745140204194988,24.34989248436222,0.1177442065158474
1.0,239,2,58.733,0.0,20.6,2.0,1.0,,16.494999999999997,0.0,-2.8000000000000007,-2.0,0.0,,0.0655255662566624,-0.0,-0.0070337589272623,0.0030954970160483,0.0,0.0,3.2540843,3,3.061587304345448,3.315671653024037,3.6,3.842463,1.897032556908804,16.850074925649437,0.131171667407553
1.0,239,4,40.835,0.0,17.2,4.0,1.0,,34.392999999999994,0.0,0.6000000000000014,-4.0,0.0,,0.0696290901875336,-0.0,0.0022608728144944,0.0036903396888896,-0.0,0.0,2.1894379,2,2.0755803026909176,2.265018168901855,3.6,3.842463,2.000976919391366,34.63002236499421,0.193152110177923
1.0,239,6,120.694,0.0,16.1,3.0,1.0,,-45.46600000000001,0.0,1.6999999999999993,-3.0,0.0,,-0.0749786656395633,-0.0,0.0037137113510072,0.0021731944184833,-0.0,0.0,5.782283,6,5.930908240129927,5.713191069414595,3.6,3.842463,1.9756039579975309,45.59656956394856,0.1780225991200315
1.0,240,0,98.539,8.0,20.0,0.0,0.0,,-29.838000000000008,1.0,-2.8000000000000007,2.0,0.0,,-0.0594795627801861,-0.0126004672820083,-0.0160019256446337,-0.0013119416694484,-0.0,0.0,3.33361,3,2.9106061026237238,3.244216160454534,3.7,3.8971,1.9464482598809176,30.052391651913503,0.1606374996746422
1.0,240,6,98.539,8.0,14.4,2.0,0.0,,-29.838000000000008,1.0,2.799999999999999,0.0,0.0,,-0.063106141282298,-0.0149491877151398,0.0126088680488961,-0.0,-0.0,0.0,3.3970158,3,2.9345535390514583,3.331569349064276,3.7,3.8971,1.9035644531015024,29.98576735719799,0.1350665377832452
1.0,240,8,98.539,8.0,14.4,4.0,0.0,,-29.838000000000008,1.0,2.799999999999999,-2.0,0.0,,-0.0598215071661992,-0.0148764818840661,0.013324819315651,0.0020202974024792,0.0,0.0,3.34562,3,2.940647127667865,3.2862670445837585,3.7,3.8971,1.9464482598809176,30.052391651913503,0.1606374996746422
1.0,240,9,98.539,8.0,15.6,6.0,0.0,,-29.838000000000008,1.0,1.5999999999999996,-4.0,0.0,,-0.0653283864503634,-0.0129520186908356,0.0057499682692842,-0.0013666240913474,-0.0,0.0,3.3384638,3,2.926102939036738,3.264566722300898,3.7,3.8971,2.0249318181502405,30.16398919241287,0.207436052049648
1.0,241,0,14.542,0.0,22.8,18.0,0.0,,34.846,0.0,0.5,1.0,1.0,,0.0757043682764886,-0.0,0.0018987751676161,-0.0008426428836742,0.0894662765239229,0.0,1.914057,2,2.1662267770843537,2.0802837934570344,3.0,2.7407453,3.0,34.878269968563515,1.0044978883449485
1.0,241,1,23.815,0.0,23.3,21.0,1.0,,25.573,0.0,0.0,-2.0,0.0,,0.0676682752910841,-0.0,0.0,0.0063625107341349,0.0,0.0,2.3118246,2,2.074030786025219,2.3858553461906244,3.0,2.7407453,1.8550083043626309,25.65108826151436,0.1061132446350565
1.0,241,4,4.0,0.0,21.7,20.0,1.0,,45.388,0.0,1.6000000000000014,-1.0,0.0,,0.0748758828279112,-0.0,0.0048840174567808,0.00079252207871,0.0,0.0,0.12702163,0,0.0805524223634022,0.2075740480014103,3.0,2.7407453,1.890425037214461,45.4272004860524,0.1272317038877615
1.0,242,2,4.189,0.0,17.8,10.0,1.0,,11.137,0.0,-2.200000000000001,-2.0,0.0,,0.0659720265689087,-0.0,0.0230838823962262,0.0027300464289638,0.0,0.0,0.13435178,0,0.0917859553940988,0.2261377304442621,2.0,2.393897,1.8702177727202272,11.52704511138913,0.1151824193415145
1.0,242,3,41.297,0.0,18.3,6.0,1.0,,-25.971,0.0,-2.700000000000001,2.0,0.0,,-0.0687249207202309,-0.0,-0.0159212829147805,0.0004770642329496,0.0,0.0,3.8190804,4,3.915830860597938,3.734911213381141,2.0,2.393897,1.9076877738365772,26.18745579471209,0.1375252112383551
1.0,242,7,66.203,0.0,18.3,6.0,1.0,,-50.877,0.0,-2.700000000000001,2.0,0.0,,-0.0700667278463564,-0.0,-0.0061748935296879,-0.0013170694980577,0.0,0.0,4.4127192,4,3.922441309125898,4.33516055885124,2.0,2.393897,1.9662521143655185,50.98783314674198,0.1724462369663973
1.0,243,1,4.0,0.0,21.7,20.0,1.0,,10.15,0.0,-1.099999999999998,-2.0,0.0,,0.0665377985512229,-0.0,0.0049467484789737,0.0274801802854611,-0.0,0.0,0.12702163,0,0.0989647273156578,0.2259863529536659,1.9,1.5777162,1.839604749394112,10.403484993020369,0.0969283390337863
1.0,243,5,44.182,0.0,19.4,20.0,1.0,,-30.032000000000004,0.0,1.2000000000000028,-2.0,0.0,,-0.0762073907434244,-0.0,0.0011446589106389,0.0028449240792498,0.0,0.0,4.206069,4,3.927782192246464,4.133851184861211,1.9,1.5777162,1.87655015546074,30.12243389900624,0.1189583228794697
1.0,244,6,51.02,0.0,18.3,19.0,0.0,,-29.154000000000003,0.0,-1.6000000000000014,3.0,0.0,,-0.0708351709482154,-0.0,-0.0078550822191786,-0.0037048390184204,0.0,0.0,2.9438248,3,2.917604907814185,2.861429675880592,2.4,2.7386699,1.939373911048812,29.351587963856407,0.1564191730386064
1.0,245,7,11.91,1.0,18.3,20.0,0.0,,47.416,0.0,-2.700000000000001,1.0,1.0,,0.0697971984356647,-0.0,-0.002067646222475,-0.0006533809260975,0.0566046155749331,0.0,2.4717038,2,2.123680786862025,2.5953845546385144,2.9,3.1755586,3.0,47.51386172476407,1.0110107150222616
1.0,245,9,86.465,0.0,19.4,20.0,1.0,,-27.139000000000003,1.0,-3.799999999999999,1.0,0.0,,-0.069724127242943,-0.0153527493772119,-0.0333543030627118,-0.0005530841994168,-0.0,0.0,5.1179843,5,4.881015736117717,4.999000031009074,2.9,3.1755586,1.9479212956797267,27.44021357424173,0.1615158485224897
1.0,246,0,98.539,8.0,14.4,4.0,0.0,,33.855000000000004,1.0,-4.4,-2.0,1.0,,0.062742530859662,-0.0126326835320291,-0.0119169130244,-0.0003579116188113,0.0602379609663098,0.0,3.34562,3,3.0980729836507312,3.443692900566625,5.0,4.7684636,3.0,34.22748931779835,1.0193929289493808
1.0,246,9,130.581,9.0,17.2,3.0,0.0,,1.8130000000000168,0.0,-7.199999999999999,-1.0,1.0,,0.0102072822515317,-0.0,-0.1025831431366643,-0.0113604452667571,-0.0078421103862966,0.0,4.5903034,5,4.888421583461813,4.478725004482321,5.0,4.7684636,3.0,7.5582384852556785,1.0273784158756347
1.0,247,2,222.434,0.0,17.2,0.0,1.0,,38.65700000000001,1.0,-1.099999999999998,2.0,0.0,,0.0719568131831589,-0.0118652291589368,-0.0022628698554355,-0.0018672683601687,-0.0,0.0,5.0381365,5,5.0559614458086175,5.094097928047387,5.3,5.447283,1.927857834641293,38.73723853090203,0.1495523117902613
1.0,247,3,261.091,1.0,19.4,0.0,0.0,,0.0,0.0,-3.299999999999997,2.0,1.0,,-0.0,-0.0,-0.0324710439467855,0.0310975425180811,0.1067829191279896,0.0,5.324055,5,5.105409417699285,5.429464612554021,5.3,5.447283,3.0,3.986226285598947,1.0093664475668611
1.0,247,7,261.091,1.0,13.9,9.0,0.0,,0.0,0.0,2.200000000000001,-7.0,1.0,,0.0,-0.0,0.0252990280223684,-0.1181979709422781,-0.1253489524830421,0.0,5.586683,6,5.781752104597048,5.36843490107532,5.3,5.447283,3.0,7.405403432629448,1.047679189043723
1.0,248,1,185.2,4.0,20.6,20.0,0.0,,-113.206,0.0,-0.6000000000000014,2.0,1.0,,-0.0733162009059969,-0.0,-0.0004890211374463,-0.000173822799773,-0.0074435835939991,0.0,5.393021,5,4.918577371562784,5.311598478282755,3.5,3.2549195,3.0,113.22967118207134,1.0394289036960265
1.0,248,3,185.2,4.0,27.2,22.0,0.0,,-113.206,0.0,-7.199999999999999,0.0,1.0,,-0.0760720817060701,-0.0,-0.0096334228261362,-0.0,-0.009758106114007,0.0,5.166825,5,4.904536389353787,5.0713612070112575,3.5,3.2549195,3.0,113.43913978869902,1.061167406828388
1.0,249,1,185.2,4.0,14.4,7.0,1.0,,-98.241,0.0,0.0,2.0,0.0,,-0.071044120646923,-0.0,0.0,-0.0011438261086195,-0.0,0.0,5.137514,5,4.927812053244457,5.06532616762434,3.3,3.275336,2.095119549870176,98.261355990033,0.2492879291995928
1.0,249,4,185.2,4.0,18.9,9.0,0.0,,-98.241,0.0,-4.499999999999998,0.0,1.0,,-0.0748790943034483,-0.0,-0.0091055377750933,-0.0,-0.0115672578978959,0.0,5.548794,6,5.904448110023562,5.453241902748172,3.3,3.275336,3.0,98.34909293430212,1.0370725833191583
1.0,250,0,4.189,0.0,7.8,7.0,0.0,,7.721,1.0,1.1000000000000003,-2.0,0.0,,0.0540446903994962,0.0019234119557592,-0.0050314026417222,-0.0225390024463131,-0.0,0.0,0.166315,0,0.0283976972672201,0.1947127014967657,2.3,2.7295837,1.8772577580782763,8.11318932356444,0.1193802555605015
1.0,250,9,4.0,0.0,8.3,2.0,0.0,,7.91,1.0,0.5999999999999996,3.0,0.0,,0.0601201343956601,-0.003957186579312,0.007463224804175,0.0019360078927156,-0.0,0.0,0.098694615,0,0.0655621805132386,0.1642567955792901,2.3,2.7295837,1.9305095562442072,8.539795079508641,0.1511334930600001
1.0,251,3,7.9,0.0,13.9,18.0,0.0,,36.01,0.0,1.0999999999999996,0.0,0.0,,0.0739740981210766,-0.0,0.0056087923918579,-0.0,0.0,0.0,1.6168627,2,2.0795828905129348,1.6964455451989089,4.0,4.0212827,1.8324353496853552,36.026796971143575,0.0926533350053471
1.0,251,9,6.564,0.0,16.1,20.0,0.0,,37.346,0.0,-1.1000000000000014,-2.0,0.0,,0.0743849528612922,-0.0,-0.0015129278618779,0.0009040249174796,-0.0,0.0,0.19506687,0,0.0737760499168939,0.2688429191757746,4.0,4.0212827,1.8937759257443156,37.41568810004701,0.1292297877645021
1.0,252,3,238.065,1.0,12.8,1.0,0.0,,0.0,0.0,1.0999999999999996,7.0,0.0,,0.0,-0.0,0.0257386932964025,0.1427124354384009,-0.0,0.0,5.4446015,5,5.168451128734803,5.6130526645319225,6.6,5.9202447,2.190893001038509,7.08590149522275,0.3063961818001662
1.0,252,7,270.413,0.0,15.0,10.0,0.0,,-32.34800000000001,1.0,-1.0999999999999996,-2.0,0.0,,-0.0655333860213959,-0.0183256486154947,-0.0047845843699864,0.0005028647816949,0.0,0.0,5.7572775,6,5.911859245774818,5.669136734483314,6.6,5.9202447,1.9132259115914108,32.443845394774044,0.1408275185686392
1.0,253,3,193.202,0.0,17.8,17.0,0.0,,44.863,1.0,0.5,3.0,0.0,,0.0669185697016913,-0.0176916121291775,0.0010803651246238,-0.0009470146541868,-0.0,0.0,5.41185,5,5.049360308042951,5.461210283628889,6.6,6.178236,1.9851747690479065,44.97709160228126,0.183729528215617
1.0,253,4,193.202,0.0,15.6,20.0,0.0,,44.863,1.0,2.700000000000001,0.0,0.0,,0.0767605057390632,-0.0100666301141504,0.0069885813172644,-0.0,0.0,0.0,5.2423496,5,5.073682456942177,5.316032081575966,6.6,6.178236,1.9369775176889137,44.955297452024496,0.1549902401176565
1.0,253,9,193.202,0.0,21.7,19.0,0.0,,44.863,1.0,-3.3999999999999986,1.0,0.0,,0.0732133969992148,-0.0136634973476426,-0.0092258790717776,-0.0003277320451265,0.0,0.0,5.3239174,5,5.049996288534668,5.373913677450684,6.6,6.178236,1.969103976559551,45.01387307264284,0.1741467590272822
1.0,254,2,306.14,8.0,16.1,4.0,0.0,,0.0,0.0,3.899999999999999,-2.0,0.0,,-0.0,-0.0,0.0411761533081862,-0.0481088036726513,0.0,0.0,3.7862432,4,3.993067349635535,3.779310549937659,3.8,3.7285619,1.9329707244604424,4.382921400162224,0.1526010502428171
1.0,255,0,98.539,8.0,14.4,4.0,0.0,,67.97500000000001,1.0,1.1999999999999993,2.0,1.0,,0.0700615319372457,-0.0056135778124959,0.0015725914180991,-0.0002800297492497,0.0244149027534136,0.0,3.34562,3,3.090155418547013,3.4357753354629064,3.8,3.9492748,3.0,68.02970399024238,1.0199432191667186
1.0,255,6,98.539,8.0,13.9,11.0,1.0,,67.97500000000001,1.0,1.6999999999999993,-5.0,0.0,,0.0697664602137793,-0.0081484555414627,0.0048557915821953,0.0034177919377373,0.0,0.0,3.3350017,3,3.0698915881922493,3.404893295269276,3.8,3.9492748,2.1557627414038856,68.18717346392943,0.2854485421707701
1.0,256,0,56.637,0.0,12.2,4.0,0.0,,26.033,1.0,-1.0999999999999996,1.0,0.0,,0.0658726386365709,-0.015094930792964,-0.0095406217065495,0.001234158509154,0.0,0.0,4.575334,5,5.042471244646212,4.617805316759249,4.8,4.9367495,1.8613455324630488,26.0945796862107,0.1098920373874448
1.0,256,5,56.637,0.0,13.3,5.0,0.0,,26.033,1.0,-2.200000000000001,0.0,0.0,,0.0675885968969493,-0.0127755586829226,-0.0110360003434049,-0.0,0.0,0.0,4.597699,5,5.043777037870622,4.64147620321486,4.8,4.9367495,1.8750493044708096,26.144924727373,0.1180633882561148
1.0,257,6,68.701,9.0,15.6,20.0,0.0,,97.81300000000002,0.0,5.500000000000002,2.0,0.0,,0.070014952841809,-0.0,0.0079886647385873,-0.0007512134741892,0.0,0.0,3.846433,4,4.077252404106207,3.923685328376837,4.0,4.0561414,2.188332742566105,97.98792256701846,0.3048695386043622
1.0,257,7,29.063,9.0,18.3,18.0,0.0,,137.45100000000002,0.0,2.8000000000000007,4.0,0.0,,0.0687940252819615,-0.0,0.0013607191583626,-0.0013110633706127,0.0,0.0,4.022311,4,4.068843681069711,4.091154891702035,4.0,4.0561414,2.316093047523548,137.537694473188,0.3810510657272812
1.0,258,2,153.7,0.0,17.2,23.0,0.0,,-30.087999999999997,0.0,1.1000000000000014,-1.0,0.0,,-0.0689724565589603,-0.0,0.0068312169628945,0.0013935236653115,0.0,0.0,6.613033,7,6.939252284069246,6.552285101909822,5.2,5.3676357,1.8294805099999256,30.12470321845511,0.0908914090322179
1.0,258,4,153.7,0.0,20.0,21.0,0.0,,-30.087999999999997,0.0,-1.6999999999999993,1.0,0.0,,-0.0659431013779116,-0.0,-0.0055941122725309,-4.424835356876175e-05,0.0,0.0,6.6817646,7,6.928418537995989,6.610183140657122,5.2,5.3676357,1.844741012306185,30.15257441745231,0.0999910145062415
1.0,258,5,117.814,0.0,16.1,20.0,0.0,,5.798000000000002,0.0,2.1999999999999997,2.0,0.0,,0.0553807926294377,-0.0,-0.0050275325377434,-0.0486752187519735,-0.0,0.0,4.1706467,4,4.001678041339721,4.17232470882019,5.2,5.3676357,1.8664585860975875,6.515888580999526,0.1129408735206265
1.0,259,5,86.465,0.0,7.8,13.0,0.0,,41.661,0.0,1.1000000000000003,-3.0,0.0,,0.0816372582234054,-0.0,0.0047973729022933,0.0010040848560418,-0.0,0.0,5.0956216,5,5.08743871598174,5.183060301827688,6.3,6.3153143,1.9580768178904215,41.78335698576648,0.1675714319918557
1.0,259,6,128.126,0.0,9.4,15.0,0.0,,0.0,0.0,-0.5,-5.0,0.0,,0.0,-0.0,-0.0158925183397428,-0.0205795938786851,-0.0,0.0,6.3630695,6,5.963527887781572,6.32659742208333,6.3,6.3153143,2.042622920100098,5.024937810560445,0.2179849871314508
1.0,259,8,116.121,0.0,12.2,6.0,0.0,,12.00500000000001,0.0,-3.299999999999999,4.0,0.0,,0.0575432322919096,-0.0,-0.0038447487586853,0.0312550028105008,0.0,0.0,5.955237,6,6.084953486343725,6.040190398117407,6.3,6.3153143,2.0220510173801847,13.0770801404595,0.2057182743559203
1.0,260,0,185.2,4.0,14.4,7.0,1.0,,-113.206,0.0,0.5999999999999996,2.0,-1.0,,-0.0737329532079804,-0.0,0.0008311457915776,-0.0007526116864065,-0.0100062379941615,0.0,5.137514,5,4.916339342903029,5.053853457282912,3.6,3.5009089,3.0,113.22967118207134,1.0394289036960265
1.0,260,1,71.994,4.0,15.6,3.0,0.0,,0.0,0.0,-0.5999999999999996,6.0,0.0,,0.0,-0.0,-0.009692138606551,0.0776614543869535,0.0,0.0,3.4651942,3,3.0679693157804024,3.5331635410916817,3.6,3.5009089,2.115737307495149,6.029925372672534,0.2615819845577409
1.0,260,6,71.994,4.0,21.7,0.0,0.0,,0.0,0.0,-6.699999999999999,9.0,0.0,,0.0,-0.0,-0.0723070485457598,0.0075619699019889,0.0,0.0,3.8275156,4,3.935254921356229,3.7627705234680455,3.6,3.5009089,2.426170973731013,11.22007130102122,0.4466888592798406
1.0,260,7,185.2,4.0,19.4,19.0,0.0,,-113.206,0.0,-4.399999999999999,-10.0,0.0,,-0.0791219002034222,-0.0,-0.0036005402402675,-0.0025997752975823,-0.0,0.0,5.5400524,6,5.914677784258728,5.454730198199158,3.6,3.5009089,2.566885854292295,113.7319587275274,0.5305950028480513
1.0,261,0,185.2,4.0,14.4,7.0,1.0,,-98.241,0.0,0.5999999999999996,14.0,-1.0,,-0.0755829911170285,-0.0,0.0006500119313852,-0.0138734849912935,-0.0167521154282831,0.0,5.137514,5,4.89444142039478,5.031955534774663,3.8,3.33679,3.0,99.24038533278676,1.1939286563842642
1.0,261,2,185.2,4.0,19.4,19.0,0.0,,-98.241,0.0,-4.399999999999999,2.0,0.0,,-0.0775603472494294,-0.0,-0.0054009599633015,-0.0013548601679127,0.0,0.0,5.5400524,6,5.915683832619356,5.455736246559786,3.8,3.33679,2.157755955539717,98.35981944371387,0.2866370654511517
1.0,261,3,185.2,4.0,20.6,20.0,0.0,,-98.241,0.0,-5.600000000000001,1.0,0.0,,-0.0681241905415886,-0.0,-0.0107302134464052,-0.0006259940626128,0.0,0.0,5.393021,5,4.920519601949393,5.313540708669364,3.8,3.33679,2.177072527850709,98.4055591976388,0.2981552437923971
1.0,261,5,185.2,4.0,18.9,9.0,0.0,,-98.241,0.0,-3.899999999999999,12.0,0.0,,-0.0712194252355133,-0.0,-0.006338126831645,-0.0096867919097259,0.0,0.0,5.548794,6,5.912755656023116,5.461549448747725,3.8,3.33679,2.658549135114101,99.04798877816752,0.5852524233702406
1.0,262,4,23.815,0.0,23.3,21.0,1.0,,-11.905,1.0,-1.1000000000000014,-1.0,0.0,,-0.062889288965877,-0.0208098183327252,-0.0072575934217981,0.0072545961455194,-0.0,0.0,2.3118246,2,1.9162978954251189,2.2281224555905244,2.5,2.540942,1.836547009568598,12.03906246349773,0.0951050552718243
1.0,262,5,43.91,0.0,20.6,22.0,1.0,,-32.0,1.0,1.599999999999998,-2.0,0.0,,-0.077515446281314,-0.0122863415621159,0.007589435722567,0.0020398059075869,-0.0,0.0,3.9042733,4,3.919827453786724,3.824100725347393,2.5,2.540942,1.920665441586221,32.1179077774378,0.145263597179051
1.0,262,6,44.182,0.0,20.0,20.0,1.0,,-32.272000000000006,1.0,2.1999999999999997,0.0,0.0,,-0.072276991097097,-0.0120867473055251,0.0003750752330327,-0.0,0.0,0.0,4.1229897,4,3.9160113368304095,4.039000991371426,2.5,2.540942,1.8891580993582215,32.36235442609206,0.1264762481091428
1.0,262,8,44.182,0.0,19.4,20.0,1.0,,-32.272000000000006,1.0,2.8000000000000007,0.0,0.0,,-0.0700184016174183,-0.0118380254055884,0.0019295833298497,-0.0,0.0,0.0,4.206069,4,3.920073156306843,4.1261421489215895,2.5,2.540942,1.9088115789964557,32.40867143219543,0.1381953191666089
1.0,263,2,7.9,0.0,7.2,13.0,0.0,,0.0,0.0,-1.1000000000000003,1.0,0.0,,0.0,0.0,-0.1569493248811552,-0.0149460149468192,0.0,0.0,1.8134658,2,1.8281046601720252,1.641570493835966,1.9,1.7834166,1.7710463641864855,1.4866068747318508,0.0560480164332881
1.0,263,5,14.524,0.0,7.2,8.0,0.0,,-6.623999999999999,0.0,-1.1000000000000003,6.0,0.0,,-0.0411827231007593,-0.0,-0.0169930353750061,0.0072212536749183,-0.0,0.0,3.0330186,3,2.9490454951991527,2.982064084218928,1.9,1.7834166,2.11933514715016,9.004852913845955,0.2637273216352736
1.0,264,0,51.02,0.0,16.1,2.0,1.0,,7.712999999999994,0.0,1.099999999999998,-1.0,0.0,,0.066144651952622,-0.0,0.0165906348735209,9.262050783912476e-05,-0.0,0.0,2.7573268,3,3.082827907333982,2.8401547486883523,3.2,3.392959,1.7759519108100943,7.854958243046229,0.0589731192912039
1.0,264,1,40.835,0.0,17.2,4.0,1.0,,17.897999999999996,0.0,0.0,-3.0,0.0,,0.0667630245932596,-0.0,0.0,0.0001422952520556,-0.0,0.0,2.1894379,2,2.066905319845316,2.256343186056253,3.2,3.392959,1.9071489238413089,18.14768315791302,0.1372039031799294
1.0,264,9,68.146,0.0,14.4,5.0,1.0,,-9.413000000000004,0.0,2.799999999999999,-4.0,0.0,,-0.0597318361476263,-0.0,0.0141012886097239,-0.0125287809435243,0.0,0.0,5.0389457,5,4.941840671518573,4.980786346414813,3.2,3.392959,2.007615726924468,10.603988353445134,0.197110730160204
1.0,265,8,86.465,0.0,22.8,2.0,0.0,,37.732,1.0,-2.1999999999999997,-1.0,0.0,,0.0707837317636322,-0.0142964326214765,-0.0111213909017387,0.0011373260715018,0.0,0.0,4.9841404,5,5.046503234311919,5.030643630430083,4.3,4.212977,1.914507791989154,37.822530639818375,0.1415918843575401
1.0,265,9,116.121,0.0,18.9,5.0,0.0,,8.076000000000008,1.0,1.7000000000000028,-4.0,0.0,,0.0541334927076139,-0.0549664333033065,-0.001256520006956,-0.0640102368547664,0.0,0.0,6.0253296,6,5.933900302542585,5.959229892386335,4.3,4.212977,2.006985462165246,9.225604370446424,0.1967349128680857
1.0,266,0,58.733,0.0,18.9,19.0,0.0,,-7.712999999999994,0.0,1.1000000000000014,1.0,0.0,,-0.0713613204821853,-0.0,-0.0100838063628122,-0.0200941511010495,0.0,0.0,3.3042507,3,2.898460722053953,3.202711439217039,3.0,3.031627,1.7759519108100943,7.854958243046229,0.0589731192912039
1.0,266,2,55.516,0.0,21.1,20.0,0.0,,-4.495999999999995,0.0,-1.1000000000000014,0.0,0.0,,-0.0659094067190702,-0.0,-0.0212371181086419,-0.0,0.0,0.0,4.8006206,5,4.912853475172287,4.713474031049973,3.0,3.031627,1.7390189051984812,4.628608430187194,0.0369505296482843
1.0,266,5,51.02,0.0,18.3,19.0,0.0,,0.0,0.0,1.6999999999999993,1.0,0.0,,0.0,0.0,0.0544255866471647,-0.0468447046501884,0.0,0.0,2.9438248,3,3.0075808819969763,2.9514056500633825,3.0,3.031627,1.7941847395078825,1.972308292331601,0.0698450777953005
1.0,266,6,18.474,0.0,20.0,19.0,0.0,,32.54600000000001,0.0,0.0,1.0,0.0,,0.0754991857379402,-0.0,0.0,0.0001027309098328,-0.0,0.0,2.134919,2,2.075601916647773,2.210520844794136,3.0,3.031627,1.8259304080851664,32.561359246812785,0.088774537243297
1.0,267,1,206.054,0.0,16.7,21.0,0.0,,-28.773,0.0,1.1000000000000014,0.0,0.0,,-0.069480166497781,-0.0,0.0018005885032725,0.0,-0.0,0.0,6.251493,6,5.932320422005492,6.183813399147826,5.9,5.938678,1.8062289821314883,28.79401897964228,0.0770268765270028
1.0,267,9,120.694,0.0,19.4,20.0,0.0,,56.587,0.0,-1.599999999999998,1.0,0.0,,0.0690326340137187,-0.0,-0.0026447424966085,-0.0005322797165747,-0.0,0.0,5.990185,6,6.065855611800536,6.056040395736082,5.9,5.938678,1.9294268531116707,56.618447249990886,0.1504878936456525
2.0,0,5,1.0,5.0,8.0,13.0,2.0,18.0,0.0,0.0,-3.0,0.0,0.0,-1.0,-0.0,0.0,-10.196946499796589,-0.0,0.0,1.478776863490761,65.70232,61,52.28183036369417,56.98414664787386,75.2,63.16853,1.9516579067897517,3.1622776601683795,0.0623480053562632
2.0,0,6,1.0,5.0,7.0,13.0,2.0,12.0,0.0,0.0,-2.0,0.0,0.0,5.0,-0.0,0.0,-4.831040651634553,-0.0,0.0,-3.885823230070922,85.211975,83,74.28313611829452,76.49511121595077,75.2,63.16853,2.009276316449231,5.385164807134504,0.0937114950132353
2.0,0,8,1.0,5.0,4.0,13.0,2.0,10.0,0.0,0.0,1.0,0.0,0.0,7.0,-0.0,0.0,2.023863266609991,0.0,0.0,-4.534967749955662,55.603535,52,49.48889551665433,53.09243021514066,75.2,63.16853,2.0581555391395048,7.071067811865476,0.1203179738165775
2.0,0,9,1.0,5.0,4.0,13.0,3.0,19.0,0.0,0.0,1.0,0.0,-1.0,-2.0,-0.0,0.0,4.1222085315932,-0.0,-1.543622316491516,2.8022839993599145,83.80983,82,87.3808702144616,89.19069992637566,75.2,63.16853,2.077871478226146,2.449489742783178,0.1310499717192587
2.0,1,9,1.0,5.0,23.0,13.0,5.0,6.0,0.0,0.0,-6.0,0.0,0.0,8.0,-0.0,0.0,-9.61118456989887,0.0,0.0,-6.109771156457452,123.43888,122,106.27904427364368,107.71792519405383,112.8,96.83606,2.169759960292589,10.0,0.1810677260085187
2.0,2,8,1.0,4.0,4.0,17.0,0.0,14.0,0.0,0.0,2.0,-1.0,0.0,0.0,-0.0,0.0,6.9522821246267545,1.169221052424256,0.0,-0.0,56.0882,59,67.12150317705101,64.20970279252953,69.8,65.266266,1.9327729394359283,2.23606797749979,0.052068331172711
2.0,3,1,0.0,3.0,2.0,17.0,3.0,56.0,0.0,0.0,1.0,0.0,-1.0,-5.0,-0.0,0.0,2.8563707719311107,-0.0,-0.3874289608948253,-0.8570431926432146,20.546988,26,27.61189861839307,22.15888615196241,19.7,29.331396,2.1169799510834206,5.196152422706632,0.1523379279681052
2.0,3,5,0.0,3.0,1.0,17.0,2.0,39.0,0.0,0.0,2.0,0.0,0.0,12.0,0.0,0.0,2.200130697295857,-0.0,0.0,-4.083166155737974,16.363153,15,13.116964541557884,14.480117999199486,19.7,29.331396,2.217925727616194,12.16552506059644,0.2072858489001746
2.0,4,5,0.0,3.0,23.0,15.0,2.0,14.0,0.0,0.0,12.0,0.0,1.0,-9.0,-0.0,-0.0,13.96827631508206,0.0,1.9284844654104345,4.484297421452728,97.10581,107,127.38105820194522,117.48687027469911,142.5,143.6729,2.407790455565938,15.033296378372908,0.3106351163733338
2.0,4,8,0.0,4.0,25.0,14.0,3.0,5.0,0.0,-1.0,10.0,1.0,0.0,0.0,-0.0,0.2772546239268089,3.182776385945456,0.2796639403395731,0.0,-0.0,160.52548,150,153.73969495021183,164.2651771279462,142.5,143.6729,2.292778969969404,10.099504938362076,0.2480307932020079
2.0,5,1,2.0,2.0,13.0,17.0,3.0,52.0,0.0,1.0,-1.0,0.0,0.0,7.0,-0.0,4.891710668834335,-1.436317144836182,-0.0,0.0,1.6375954528675456,14.477331,10,15.092988976865698,19.57032013836472,22.4,25.65459,2.180243305882484,7.14142842854285,0.1867741365624072
2.0,5,4,2.0,4.0,6.0,17.0,2.0,58.0,0.0,-1.0,6.0,0.0,1.0,1.0,-0.0,0.0784375625402479,12.052179606742053,-0.0,3.666820343593353,0.4111162133836137,29.725044,26,42.20855372625927,45.93359797674755,22.4,25.65459,2.2508581378022,6.244997998398398,0.2252119824458963
2.0,6,8,2.0,5.0,14.0,13.0,5.0,18.0,0.0,-1.0,-3.0,0.0,0.0,-4.0,-0.0,-5.364792054786699,-5.384131470837885,0.0,0.0,4.128811259703896,88.53375,95,88.37988773407932,81.91364017548557,69.8,88.37966,2.1478267126470767,5.0990195135927845,0.1691287782010504
2.0,7,3,1.0,4.0,7.0,17.0,4.0,16.0,0.0,0.0,-2.0,0.0,0.0,3.0,-0.0,0.0,-7.674111363261432,-0.0,0.0,-4.534017865904478,84.57568,87,74.7918707708341,72.3675543645841,70.1,75.63712,1.955969908327756,3.605551275463989,0.064695161698087
2.0,7,4,1.0,4.0,3.0,17.0,4.0,13.0,0.0,0.0,2.0,0.0,0.0,6.0,-0.0,0.0,4.486521851126397,-0.0,0.0,-5.17449150926764,53.649757,49,48.31203034185876,52.96178772711266,70.1,75.63712,2.037875278999863,6.324555320336759,0.1092787984403493
2.0,7,5,1.0,4.0,8.0,17.0,4.0,14.0,0.0,0.0,-3.0,0.0,0.0,5.0,-0.0,0.0,-7.8599579120095395,0.0,0.0,-6.03680267199625,77.030525,82,68.10323941599421,63.13376462351374,70.1,75.63712,2.0278755952545104,5.830951894845301,0.1038356600480568
2.0,8,4,1.0,1.0,5.0,17.0,2.0,24.0,0.0,0.0,-2.0,0.0,0.0,0.0,-0.0,0.0,-7.854722737203951,-0.0,0.0,-0.0,30.556112,32,24.14527726279605,22.70138955222476,26.9,23.300917,1.9106019993708787,2.0,0.04
2.0,8,6,1.0,1.0,3.0,17.0,3.0,19.0,0.0,0.0,0.0,0.0,-1.0,5.0,-0.0,-0.0,0.0,-0.0,1.0910576337507496,-4.304215510391475,47.607594,46,42.78684212335928,44.39443565973623,26.9,23.300917,2.1145575700350183,5.0990195135927845,0.1510193507389554
2.0,9,4,2.0,4.0,2.0,13.0,2.0,49.0,0.0,0.0,2.0,0.0,0.0,0.0,-0.0,0.0,5.808139285944075,-0.0,0.0,-0.0,9.5285425,5,10.808139285944076,15.3366818045598,12.0,16.221434,1.9106019993708787,2.0,0.04
2.0,9,5,2.0,4.0,5.0,13.0,2.0,53.0,0.0,0.0,-1.0,0.0,0.0,-4.0,-0.0,0.0,-2.586871831226589,-0.0,0.0,-0.6801583213282818,18.013498,13,9.73296984744513,14.746468153719544,12.0,16.221434,1.9669740885154232,4.123105625617661,0.0706850786975158
2.0,9,6,2.0,4.0,2.0,13.0,2.0,54.0,0.0,0.0,2.0,0.0,0.0,-5.0,-0.0,0.0,3.974124240605536,-0.0,0.0,-0.0395822228666725,4.85057,6,9.934542017738863,8.785112219612643,12.0,16.221434,2.009276316449231,5.385164807134504,0.0937114950132353
2.0,10,4,1.0,4.0,20.0,15.0,7.0,43.0,0.0,1.0,0.0,-1.0,0.0,13.0,-0.0,0.9073521077235358,0.0,-0.1824159692055239,0.0,-2.8448848512888394,53.032795,53,50.88005128722917,50.91284623962175,50.5,57.73375,2.323410766503104,13.07669683062202,0.2647046312936343
2.0,10,5,1.0,5.0,24.0,13.0,7.0,34.0,0.0,0.0,-4.0,1.0,0.0,22.0,-0.0,0.0,-3.454652981635515,0.1879210018007846,0.0,-3.63141295938298,67.55723,64,57.10185506078229,60.6590831491612,50.5,57.73375,2.540403668682861,22.38302928559939,0.3828206064372053
2.0,10,6,1.0,5.0,18.0,13.0,4.0,56.0,0.0,0.0,2.0,1.0,3.0,0.0,-0.0,0.0,1.38483711166701,-1.6996950748194009,-4.416841850833493,0.0,68.94366,72,67.26830018601412,64.21195710740083,50.5,57.73375,2.532645433765234,3.741657386773941,0.3785975582476875
2.0,11,0,1.0,4.0,9.0,2.0,7.0,19.0,0.0,1.0,6.0,1.0,0.0,-1.0,-0.0,2.000225119440325,12.83880440763104,1.3277529915806998,-0.0,1.118924733378087,126.32663,115,132.28570725203016,143.61233689070204,96.7,88.101295,2.1866843249832177,6.244997998398398,0.1902801832780331
2.0,11,1,1.0,4.0,8.0,3.0,6.0,5.0,0.0,1.0,7.0,0.0,1.0,13.0,-0.0,0.610778358741586,7.88893092530255,0.0,0.3706874011612433,-4.399668785657295,125.000595,120,124.47072789954808,129.47132299232152,96.7,88.101295,2.43008923194598,14.832396974191326,0.3227730328221175
2.0,11,3,1.0,5.0,15.0,3.0,7.0,27.0,0.0,0.0,0.0,0.0,0.0,-9.0,-0.0,0.0,0.0,0.0,0.0,8.073317742933478,67.89547,65,73.07331774293348,75.96878740846083,96.7,88.101295,2.1173555403718995,9.0,0.1525423728813559
2.0,12,4,1.0,4.0,3.0,17.0,3.0,5.0,0.0,0.0,1.0,0.0,0.0,-3.0,-0.0,0.0,4.186437109990816,0.0,0.0,1.9157347837127976,101.15932,100,106.1021718937036,107.26148891030518,120.3,100.662415,1.937496293043623,3.1622776601683795,0.0546393992201746
2.0,12,5,1.0,4.0,3.0,17.0,3.0,5.0,0.0,0.0,1.0,0.0,0.0,-3.0,-0.0,0.0,4.405691336765822,0.0,0.0,1.8912015649169265,101.15932,100,106.29689290168275,107.45620991828432,120.3,100.662415,1.937496293043623,3.1622776601683795,0.0546393992201746
2.0,12,6,1.0,4.0,5.0,17.0,3.0,5.0,0.0,0.0,-1.0,0.0,0.0,-3.0,-0.0,0.0,-3.5673470841251538,0.0,0.0,1.900215831559056,116.67789,116,114.3328687474339,115.01075571032452,120.3,100.662415,1.937496293043623,3.1622776601683795,0.0546393992201746
2.0,12,7,1.0,4.0,6.0,17.0,3.0,5.0,0.0,0.0,-2.0,0.0,0.0,-3.0,-0.0,-0.0,-6.21908076556013,0.0,0.0,1.6743111730329303,119.511444,115,110.4552304074728,114.96667449926969,120.3,100.662415,1.955969908327756,3.605551275463989,0.064695161698087
2.0,13,0,2.0,4.0,5.0,16.0,5.0,5.0,0.0,0.0,-3.0,1.0,1.0,0.0,-0.0,0.0,-11.04663897738011,0.5937439307015675,0.0109941916411719,-0.0,115.56008,125,114.55809914496264,105.11818062689622,90.0,91.96841,2.099098938122844,3.3166247903554,0.1426047373375482
2.0,14,7,2.0,5.0,10.0,15.0,3.0,12.0,0.0,0.0,-6.0,0.0,0.0,1.0,-0.0,0.0,-12.181789551047618,-0.0,0.0,-0.8208625933184435,78.23324,74,60.99734785563394,65.23058607584878,59.1,57.361015,2.059759506546916,6.082762530298219,0.1211910630859578
2.0,15,1,1.0,4.0,5.0,17.0,2.0,22.0,0.0,-1.0,-1.0,0.0,0.0,3.0,-0.0,-6.775283304815775,-3.557810890580342,-0.0,0.0,-3.809058305060607,63.63696,63,48.85784749954328,49.49480657547101,47.3,30.446562,2.118103947058061,3.3166247903554,0.1529497538816187
2.0,15,8,1.0,3.0,7.0,17.0,2.0,17.0,0.0,0.0,-3.0,0.0,0.0,8.0,-0.0,0.0,-4.862439685611799,0.0,0.0,-5.623583908667193,51.265457,47,36.51397640572101,40.77943355904132,47.3,30.446562,2.109516159381953,8.54400374531753,0.1482751543647687
2.0,166,0,1.0,5.0,6.0,15.0,3.0,25.0,0.0,0.0,4.0,1.0,0.0,2.0,-0.0,0.0,9.555858620911328,-0.387852533546452,0.0,-2.610612014957583,51.0938,51,57.55739407240729,57.651193663471744,54.3,57.235664,2.008079864159721,4.58257569495584,0.0930602288774835
2.0,166,2,1.0,5.0,8.0,16.0,2.0,25.0,0.0,0.0,2.0,0.0,1.0,2.0,-0.0,0.0,5.053415826009516,-0.0,2.372688208156584,-2.6575424114396475,50.414604,48,52.76856162272645,55.18316580973817,54.3,57.235664,2.086140540783985,3.0,0.135551079256561
2.0,166,6,1.0,4.0,8.0,16.0,3.0,18.0,0.0,1.0,2.0,0.0,0.0,9.0,-0.0,0.3239175731998938,3.1519878059605912,-0.0,0.0,-6.453389852111183,58.19167,53,50.0225155270493,55.21418499116063,54.3,57.235664,2.2280278063258088,9.273618495495704,0.2127847240512832
2.0,167,2,2.0,4.0,3.0,17.0,1.0,49.0,0.0,0.0,-1.0,0.0,0.0,4.0,-0.0,0.0,-1.5672595311402042,-0.0,0.0,0.0841608008386914,9.903117,9,7.516901269698487,8.420018449569092,8.6,5.483223,1.9669740885154232,4.123105625617661,0.0706850786975158
2.0,167,3,2.0,4.0,3.0,17.0,1.0,60.0,0.0,0.0,-1.0,0.0,0.0,-7.0,-0.0,0.0,-1.3310410360002327,0.0,0.0,-0.8476722245500028,19.651642,18,15.821286739449764,17.47292858515289,8.6,5.483223,2.0581555391395048,7.071067811865476,0.1203179738165775
2.0,167,6,2.0,4.0,2.0,17.0,2.0,53.0,0.0,0.0,0.0,0.0,-1.0,0.0,-0.0,0.0,0.0,0.0,-0.169403653397387,0.0,5.8675365,4,3.830596346602613,5.698132891402418,8.6,5.483223,2.0667569704733064,1.0,0.125
2.0,167,9,2.0,4.0,2.0,17.0,0.0,49.0,0.0,0.0,0.0,0.0,1.0,4.0,-0.0,0.0,0.0,0.0,1.6698180016481683,-0.1568819522636798,4.459481,6,7.512936049384488,5.972416811866178,8.6,5.483223,2.09835887859324,4.123105625617661,0.1422018999538121
2.0,168,4,1.0,1.0,1.0,13.0,1.0,24.0,0.0,0.0,4.0,0.0,1.0,0.0,-0.0,0.0,12.70717831346848,-0.0,4.187222616181701,-0.0,18.246405,20,36.89440092965018,35.14080557747733,48.3,40.346962,2.1097606180267863,4.123105625617661,0.1484082207965583
2.0,168,5,1.0,1.0,4.0,13.0,3.0,14.0,0.0,0.0,1.0,0.0,-1.0,10.0,-0.0,-0.0,1.7006298285757284,-0.0,-0.8583110163845024,-5.385397170250736,63.743664,64,59.45692164194049,59.200585429782286,48.3,40.346962,2.2257550214407527,10.099504938362076,0.2115475766593947
2.0,168,6,1.0,1.0,10.0,13.0,1.0,24.0,0.0,0.0,-5.0,0.0,1.0,0.0,-0.0,-0.0,-11.12382533678988,-0.0,2.93528961306879,-0.0,53.669353,54,45.81146427627891,45.480817761386334,48.3,40.346962,2.131199565987848,5.0990195135927845,0.1600781059358212
2.0,168,8,1.0,1.0,8.0,13.0,3.0,14.0,0.0,0.0,-3.0,0.0,-1.0,10.0,-0.0,-0.0,-5.152505488598142,-0.0,-0.8332697928805676,-6.124178117585556,76.848175,75,62.89004660093573,64.73822164976386,48.3,40.346962,2.239409828789951,10.488088481701515,0.218980312335293
2.0,169,0,2.0,5.0,5.0,16.0,7.0,10.0,0.0,-1.0,-1.0,1.0,0.0,4.0,-0.0,-0.9145190210831377,-2.992105726863296,0.4954235825613091,0.0,-3.590984620861418,70.969666,65,57.99781421375346,63.96747974109721,73.0,79.37981,2.1362666589223123,4.358898943540674,0.1628362819733097
2.0,169,1,2.0,4.0,0.0,17.0,6.0,5.0,0.0,0.0,4.0,0.0,1.0,9.0,-0.0,0.0,5.818138340162847,0.0,1.1297283150773654,-4.907218602203812,79.542564,83,85.0406480530364,81.58321244512625,73.0,79.37981,2.2281004811427727,9.899494936611664,0.2128242832109969
2.0,169,8,2.0,4.0,0.0,17.0,5.0,5.0,0.0,0.0,4.0,0.0,2.0,9.0,-0.0,0.0,5.546494231659285,0.0,2.3929061364574733,-5.568150539453291,74.06001,76,78.37124982866347,76.43126264604628,73.0,79.37981,2.3948546712601875,10.04987562112089,0.3035937672684909
2.0,170,4,1.0,5.0,7.0,13.0,7.0,49.0,0.0,0.0,-3.0,0.0,0.0,10.0,-0.0,0.0,-5.540386975093632,0.0,0.0,-0.7564277323878311,38.28527,38,31.703185292518537,31.988455983436506,29.5,36.946785,2.167427612736194,10.44030650891055,0.1797981568049642
2.0,171,0,1.0,4.0,3.0,14.0,7.0,18.0,0.0,0.0,2.0,1.0,0.0,5.0,-0.0,0.0,6.127383282504424,0.7113218346032095,0.0,-5.130656543345864,42.042637,37,38.70804857376177,43.75068544509966,72.9,106.159836,2.0198431249250737,5.477225575051661,0.0994633370077976
2.0,171,1,1.0,5.0,5.0,15.0,6.0,19.0,0.0,-1.0,0.0,0.0,1.0,4.0,-0.0,-2.1162340680246072,0.0,-0.0,1.2452811375017936,-5.390611444171782,96.01886,96,89.7384356253054,89.75729548858665,72.9,106.159836,2.2074208443419683,4.242640687119285,0.2015677147158744
2.0,171,4,1.0,4.0,3.0,15.0,7.0,14.0,0.0,0.0,2.0,0.0,0.0,9.0,-0.0,0.0,3.4445169671646747,0.0,0.0,-6.890372272701644,65.678986,68,64.55414469446303,62.23313029016616,72.9,106.159836,2.1268300396250246,9.219544457292889,0.1576996370454752
2.0,172,6,2.0,1.0,1.0,13.0,2.0,21.0,0.0,-1.0,6.0,0.0,3.0,19.0,-0.0,1.099044655490223,5.184362102641061,0.0,2.521678412971568,-4.182553211577158,22.00398,22,26.62253195952569,26.62651259612237,51.1,65.37202,2.8077326314382334,20.174241001832016,0.5283360624856832
2.0,173,6,1.0,6.0,9.0,5.0,3.0,6.0,-1.0,0.0,-3.0,0.0,-1.0,8.0,-4.009212777392516,0.0,-5.234907615545815,0.0,-3.159238584614138,-6.300079767418582,114.43747,116,97.29656125502896,95.73403073745082,75.2,97.09292,2.8223510406406955,8.660254037844387,0.5362933165739585
2.0,173,8,1.0,6.0,8.0,5.0,0.0,18.0,-1.0,0.0,-2.0,0.0,2.0,-4.0,10.551483358861963,-0.0,-4.366089153719063,0.0,11.657904686317424,4.6281633688754855,52.23161,54,76.47146226033581,74.70307160481823,75.2,97.09292,2.874228816850364,5.0,0.5645320011748439
2.0,174,7,2.0,4.0,5.0,14.0,2.0,43.0,0.0,0.0,1.0,1.0,0.0,6.0,-0.0,0.0,1.75910640521004,-0.4353987569100303,0.0,-1.9514484043053304,18.744501,17,16.37225924399468,18.11676035788628,12.0,19.726154,2.0371267150821373,6.164414002968976,0.1088713318540634
2.0,174,8,2.0,4.0,3.0,16.0,2.0,47.0,0.0,0.0,3.0,-1.0,0.0,2.0,-0.0,0.0,7.256186548799167,0.4522552276900753,0.0,-0.2469072612132937,5.0408373,6,13.461534515275948,12.50237180317878,12.0,19.726154,1.977752281118428,3.741657386773941,0.0765519836368046
2.0,174,9,2.0,4.0,2.0,16.0,2.0,49.0,0.0,0.0,4.0,-1.0,0.0,0.0,-0.0,0.0,8.072679583723502,0.3920152915971385,0.0,0.0,5.2714105,5,13.46469487532064,13.73610534056112,12.0,19.726154,1.99633414036829,4.123105625617661,0.0866666666666666
2.0,175,3,1.0,5.0,4.0,11.0,5.0,25.0,0.0,0.0,-2.0,0.0,2.0,8.0,-0.0,0.0,-3.740022157720365,0.0,0.9287585825120525,-5.001276852227004,61.008236,58,50.18745957256469,53.19569550396117,54.4,50.17533,2.3647427753235166,8.48528137423857,0.2872029272167956
2.0,176,1,1.0,5.0,6.0,15.0,6.0,14.0,0.0,-1.0,2.0,0.0,1.0,-5.0,-0.0,-0.9209925407391568,5.547619283170883,0.0,1.8656233156334012,4.443285237070571,83.38213,105,115.9355352951357,94.3176687790224,91.3,91.52715,2.2260268730855226,5.5677643628300215,0.2116955539517109
2.0,176,9,1.0,5.0,3.0,15.0,7.0,5.0,0.0,-1.0,5.0,0.0,0.0,4.0,-0.0,-3.4813066101749435,12.256464279711423,0.0,0.0,-3.5199190219024223,132.24515,127,132.25523864763406,137.50038635271218,91.3,91.52715,2.1808327921957185,6.48074069840786,0.18709501226858
2.0,177,4,0.0,5.0,14.0,8.0,4.0,10.0,0.0,0.0,-4.0,0.0,0.0,15.0,-0.0,-0.0,-4.561479484483627,0.0,0.0,-5.322468018953878,87.30931,90,80.1160524965625,77.42536340964844,85.9,67.05812,2.3267585232243366,15.524174696260024,0.2665269192380774
2.0,178,1,2.0,5.0,2.0,0.0,5.0,14.0,-1.0,0.0,3.0,0.0,0.0,0.0,-1.6079496756353304,0.0,5.129616333608709,0.0,-0.0,-0.0,68.357155,67,70.52166665797338,71.87882150416479,63.4,58.440853,2.76226594379394,3.1622776601683795,0.5035871324805669
2.0,178,4,1.0,5.0,4.0,0.0,4.0,14.0,0.0,0.0,1.0,0.0,1.0,0.0,-0.0,-0.0,5.063027477865319,0.0,-4.878660797658835,-0.0,56.907593,56,56.18436668020648,57.09195945364398,63.4,58.440853,2.069677783093088,1.4142135623730951,0.1265898890117216
2.0,179,7,0.0,4.0,4.0,13.0,3.0,5.0,0.0,0.0,1.0,0.0,-1.0,0.0,-0.0,0.0,5.1281013530411945,-0.0,-4.843052657657693,0.0,142.67293,140,140.2850486953835,142.9579765518288,150.0,140.33844,2.069677783093088,1.4142135623730951,0.1265898890117216
2.0,180,8,1.0,6.0,10.0,27.0,6.0,14.0,1.0,0.0,10.0,0.0,0.0,-9.0,2.2949841597024188,-0.0,16.341567929064855,-0.0,0.0,5.067012859762297,77.43259,76,99.70356494852956,101.13615161845144,138.0,139.82497,2.8653602100020725,13.490737563232042,0.559704543062029
2.0,181,2,0.0,4.0,2.0,23.0,7.0,16.0,0.0,0.0,6.0,0.0,0.0,-11.0,-0.0,0.0,11.999352959641625,-0.0,0.0,8.19418959070203,84.21217,87,107.19354255034364,104.40571601225771,160.0,167.02446,2.2444444809925272,12.529964086141668,0.2217208298750021
2.0,181,8,0.0,4.0,10.0,22.0,4.0,5.0,0.0,0.0,-2.0,1.0,3.0,0.0,-0.0,0.0,-8.956324031867815,0.153437790344679,-6.68633614511141,-0.0,192.5973,195,179.51077761336546,177.10808291121702,160.0,167.02446,2.532645433765234,3.741657386773941,0.3785975582476875
2.0,182,5,1.0,5.0,3.0,17.0,3.0,18.0,0.0,0.0,-2.0,0.0,0.0,-6.0,-0.0,0.0,-3.574809673048988,0.0,0.0,5.100557295453067,45.69076,45,46.52574762240408,47.216509188566185,56.9,56.084015,2.037875278999863,6.324555320336759,0.1092787984403493
2.0,182,7,1.0,5.0,4.0,17.0,3.0,18.0,0.0,0.0,-3.0,0.0,0.0,-6.0,-0.0,0.0,-5.752408373573487,0.0,0.0,5.0789423156577325,47.61739,43,42.32653394208425,46.943923621039325,56.9,56.084015,2.0540361013086588,6.708203932499369,0.1180756358804241
2.0,183,0,0.0,4.0,4.0,13.0,2.0,49.0,0.0,0.0,1.0,0.0,1.0,-6.0,-0.0,-0.0,2.475877171679469,-0.0,2.3156189558482203,1.2269780115349014,28.125546,33,39.01847413906259,34.144019640771575,24.2,31.617996,2.1354261039513243,6.164414002968976,0.1623787418000475
2.0,183,7,0.0,4.0,4.0,13.0,4.0,51.0,0.0,0.0,1.0,0.0,-1.0,-8.0,-0.0,0.0,2.078389434140632,-0.0,-1.5472998990311064,2.084981761681701,39.65621,37,39.616071296791226,42.27228314981857,24.2,31.617996,2.177903911476992,8.12403840463596,0.1855007315400562
2.0,184,4,1.0,4.0,8.0,19.0,3.0,19.0,0.0,0.0,1.0,-1.0,0.0,5.0,-0.0,0.0,2.6611447810313407,0.3678152720536054,0.0,-4.946548411410446,84.19952,79,77.0824116416745,82.28192793806122,67.7,52.583656,2.0084028129086664,5.196152422706632,0.093236019910369
2.0,184,6,1.0,4.0,8.0,17.0,3.0,16.0,0.0,0.0,1.0,1.0,0.0,8.0,-0.0,0.0,1.9605579224858185,0.2606683026507318,0.0,-5.397479443355467,83.78486,80,76.82374678178108,80.60860548539436,67.7,52.583656,2.096252666950523,8.12403840463596,0.1410554235504864
2.0,184,9,1.0,4.0,9.0,17.0,4.0,19.0,0.0,0.0,0.0,1.0,-1.0,5.0,-0.0,0.0,0.0,0.2836664374433239,0.1494354510007347,-4.043655004425468,89.110466,89,85.3894468840186,85.49991288743657,67.7,52.583656,2.1212354154586253,5.196152422706632,0.1546543093765147
2.0,185,7,1.0,5.0,7.0,17.0,1.0,14.0,0.0,1.0,6.0,0.0,-1.0,-4.0,-0.0,1.4305995301753882,9.511533342475468,0.0,-2.555609274544024,3.2078193802619785,69.64313,64,75.59434297836881,81.23747041977506,77.8,85.15497,2.2680752049187816,7.3484692283495345,0.2345837667354246
2.0,185,8,1.0,6.0,7.0,17.0,2.0,2.0,0.0,0.0,6.0,0.0,-2.0,8.0,-0.0,-0.0,7.284173487036302,0.0,-5.926076880761975,-4.374809342890732,118.36688,118,114.9832872633836,115.35016958760237,77.8,85.15497,2.404205161596188,10.198039027185567,0.3086835295280524
2.0,186,8,2.0,4.0,6.0,13.0,5.0,16.0,0.0,0.0,-4.0,1.0,1.0,-11.0,-0.0,0.0,-5.535894494771288,0.4385845047496512,1.2972044148828434,5.386034642116705,96.70429,92,93.58592906697793,98.2902213643412,90.0,98.20535,2.279157804781374,11.789826122551595,0.240616369999156
2.0,187,5,1.0,7.0,3.0,17.0,5.0,10.0,0.0,0.0,7.0,0.0,-1.0,6.0,-0.0,-0.0,12.275559808360208,0.0,-1.742024988495606,-3.8338717900996953,41.63162,43,49.699663029764906,48.331281529520766,66.9,80.74188,2.2292756147724457,9.273618495495704,0.213463944938171
2.0,188,0,0.0,2.0,4.0,17.0,2.0,5.0,0.0,0.0,1.0,-1.0,1.0,0.0,0.0,-0.0,6.35178189173934,0.4480946440095915,0.4955508785518731,-0.0,105.62398,103,110.2954274143008,112.91940507543362,105.0,118.61816,2.077605092639997,1.7320508075688772,0.1309049697723929
2.0,188,4,0.0,2.0,4.0,17.0,4.0,5.0,0.0,0.0,1.0,-1.0,-1.0,0.0,-0.0,-0.0,6.792801000190307,0.6368350222312662,-1.1295391170977664,0.0,110.22252,115,121.3000969053238,116.52261582622224,105.0,118.61816,2.077605092639997,1.7320508075688772,0.1309049697723929
2.0,188,5,0.0,2.0,6.0,17.0,4.0,5.0,0.0,0.0,-1.0,-1.0,-1.0,0.0,-0.0,-0.0,-5.631104384789891,1.39285582417605,-3.1071104994123475,0.0,128.06683,123,115.65464093997382,120.72147443606757,105.0,118.61816,2.077605092639997,1.7320508075688772,0.1309049697723929
2.0,189,1,1.0,5.0,5.0,13.0,6.0,14.0,0.0,0.0,1.0,0.0,1.0,4.0,-0.0,0.0,3.405024455610573,-0.0,2.1634070986734537,-5.067395637591609,79.6312,91,91.50103591669242,80.13223861444632,96.7,68.50559,2.10093004120545,4.242640687119285,0.1436014636083978
2.0,189,6,1.0,5.0,5.0,13.0,7.0,17.0,0.0,0.0,1.0,0.0,0.0,1.0,-0.0,0.0,8.083074611766929,-0.0,-0.0,-2.0705896704435878,64.8351,75,81.01248494132334,70.8475832079249,96.7,68.50559,1.885279003280293,1.4142135623730951,0.0262159068487936
2.0,189,8,1.0,5.0,10.0,13.0,7.0,18.0,0.0,0.0,-4.0,0.0,0.0,0.0,-0.0,0.0,-13.01555343988373,-0.0,0.0,-0.0,72.04677,64,50.98444656011627,59.03121474859283,96.7,68.50559,1.9840866916543745,4.0,0.08
2.0,190,1,1.0,5.0,4.0,3.0,2.0,10.0,0.0,0.0,0.0,0.0,1.0,4.0,-0.0,0.0,0.0,-0.0,2.7638503357173008,-3.875366171012276,56.606976,54,52.88848416470503,55.49545972012495,69.8,74.052925,2.09835887859324,4.123105625617661,0.1422018999538121
2.0,190,3,1.0,5.0,6.0,3.0,3.0,9.0,0.0,0.0,-2.0,0.0,0.0,5.0,-0.0,0.0,-4.380309313246766,-0.0,0.0,-4.451115884580229,84.510025,81,72.168574802173,75.67859982658706,69.8,74.052925,2.009276316449231,5.385164807134504,0.0937114950132353
2.0,190,7,1.0,5.0,2.0,3.0,2.0,18.0,0.0,0.0,2.0,0.0,1.0,-4.0,-0.0,0.0,4.428208594534899,-0.0,2.8259244343820416,5.072226212519229,44.201145,48,60.326359241436165,56.527504413555306,69.8,74.052925,2.108497407099985,4.58257569495584,0.1477206158614091
2.0,191,1,2.0,6.0,5.0,0.0,5.0,18.0,0.0,0.0,1.0,0.0,1.0,1.0,0.0,0.0,2.483481352482483,0.0,0.4161530358534114,-2.0041477395192846,44.99865,43,43.89548664881661,45.894136245984576,45.9,59.89466,2.07175303322511,1.7320508075688772,0.1277195121032985
2.0,191,6,1.0,6.0,8.0,0.0,5.0,19.0,1.0,0.0,-2.0,0.0,1.0,0.0,-6.611101757401716,0.0,-2.460407867978896,0.0,-3.5008659808882268,-0.0,55.90517,53,40.427624393731165,43.33279483440499,45.9,59.89466,2.786793238655621,2.449489742783178,0.5169381007432128
2.0,192,1,1.0,4.0,3.0,13.0,5.0,10.0,0.0,0.0,1.0,0.0,0.0,4.0,-0.0,0.0,3.447833500487169,-0.0,0.0,-3.5413654778428816,50.495167,51,50.90646802264429,50.40163480120874,75.2,73.41164,1.9669740885154232,4.123105625617661,0.0706850786975158
2.0,192,2,1.0,4.0,4.0,13.0,4.0,22.0,0.0,0.0,0.0,0.0,1.0,-8.0,-0.0,0.0,0.0,-0.0,2.019578724277177,6.37591321227286,72.99605,68,76.39549193655003,81.39153991018284,75.2,73.41164,2.175917409996752,8.06225774829855,0.184419417095641
2.0,192,8,1.0,4.0,8.0,13.0,5.0,9.0,0.0,0.0,-4.0,0.0,0.0,5.0,-0.0,0.0,-10.616302747168442,0.0,0.0,-4.6490077410704105,92.36667,85,69.73468951176115,77.10135821293302,75.2,73.41164,2.051217107424639,6.4031242374328485,0.116541169968452
2.0,193,5,1.0,1.0,23.0,17.0,3.0,12.0,0.0,1.0,2.0,0.0,2.0,4.0,-0.0,-1.5928728502073073,0.8723805681223039,0.0,2.9498166879494505,-5.551245521367135,90.85323,90,86.67807888449731,87.53131222189965,75.6,91.30969,2.385503881233084,5.0,0.2985038418777556
